day,ibit_bull_share_1,ibit_call_share_1,ibit_log_premium_1,basket_bull_share_1,ibit_bull_share_3,ibit_call_share_3,ibit_log_premium_3,basket_bull_share_3,ibit_bull_share_5,ibit_call_share_5,ibit_log_premium_5,basket_bull_share_5,ibit_bull_share_10,ibit_call_share_10,ibit_log_premium_10,basket_bull_share_10,ibit_bull_share_20,ibit_call_share_20,ibit_log_premium_20,basket_bull_share_20,btc_r1d,ibit_r1d,btc_r5d,ibit_r5d,btc_r10d,ibit_r10d
2025-07-11,0.2921294171638366,0.6199632859109683,15.287524023949732,0.2921294171638366,-0.03818493775782134,0.7305150950972876,15.921825381626233,-0.052675104271537466,-0.07603578348517953,0.7843921342292945,16.311068695377838,-0.09148277472940766,-0.17636920595485084,0.8299264423733554,16.54829896411344,-0.1854896106922636,-0.17636920595485084,0.8299264423733554,16.54829896411344,-0.1854896106922636,0.015859087968766013,0.01432922072788273,-0.005657354967639139,-0.00791698809928101,-0.011071155883600326,-0.012727580659630724
2025-07-14,0.32807787947727635,0.8185281202052801,14.452140824761443,0.32807787947727635,0.21475113122171946,0.7415384615384615,15.861266171271778,0.21475113122171946,-0.04539478345759296,0.7986442973098513,16.357262225266503,-0.07221614342227085,-0.12114700737874874,0.8286786595466182,16.66423828216966,-0.13085495581696405,-0.12114700737874874,0.8286786595466182,16.66423828216966,-0.13085495581696405,-0.030456677781770924,-0.030075215994321346,-0.02687161248729987,-0.027508983172292584,-0.015865140699863178,-0.01596722273212112
2025-07-15,-1.0,0.8767331241777148,13.803540198225857,-1.0,0.12507946159586522,0.7068903568171139,15.794606902889305,0.10626010626010626,-0.061445012211497736,0.7585277710186462,16.222104343314612,-0.0820280478452873,-0.1917003223121568,0.827962395053039,16.700417466289363,-0.20447258477183664,-0.16872010912736457,0.8312798908726355,16.719889368575423,-0.1820141750802513,0.02442885831484243,0.024928524242552284,0.024737128092552834,0.02478108598205662,0.009873374357177191,0.008278816005988213
2025-07-16,0.7358594179022515,0.828775398132894,14.414896907858413,0.7358594179022515,0.20684371807967314,0.8347378277153559,15.36290305222865,0.17603633121124773,0.19091245340996388,0.7692738118948037,16.171077114585984,0.17716926653667317,-0.11764090821165117,0.8226864704067922,16.7666481564632,-0.13196132037262048,-0.08666543793493367,0.8310527076100005,16.81498088627809,-0.10126478318002628,-0.0017147213154752189,-0.0026572203411909787,-0.006892318067346817,-0.007992937757761429,-0.020591760099686954,-0.02175942780015446
2025-07-17,-0.44812680115273773,0.0778097982708934,13.450228680410094,-0.616693354683747,0.011675373240843823,0.6935285889640603,15.069159134193324,-0.09853996031947906,0.1983448190991878,0.6848798096644515,16.09290101487524,0.14792475072449532,-0.014907229321355804,0.7699081710108038,16.67895072780078,-0.05000758758237946,-0.09874379480858399,0.8058828344303262,16.848967281597282,-0.125,-0.013773902154001509,-0.014442296734203742,-0.00034805334724251157,0.00014780873576523672,-0.019094853118703885,-0.019855843789757733
2025-07-18,0.19040304293760515,0.887791675810109,14.128202997395203,0.2578785034196057,0.33211406197676513,0.7153087246593339,15.171887059889388,0.25707394006865203,0.1362809342780646,0.7677617857195687,15.726577973655084,0.08441247658247754,-4.764728304603786e-05,0.7784401338359239,16.754079764726313,-0.026982439601656756,-0.08088633899530177,0.8109414528370076,16.912715845624177,-0.1003760273913531,-0.005355169550894648,-0.005262774345128707,-0.005413800915961224,-0.004810592560349661,-0.035529385536520866,-0.03759036922122546
2025-07-21,1.0,1.0,12.557437013287785,-0.6199518587857716,0.09956082377521,0.6617063915064172,14.667924309834262,-0.2907029250915659,0.11357286978115784,0.76195095452429,15.455361470815554,-0.1344241443108233,0.0004928232612579314,0.7880523960730947,16.697867001099947,-0.09374859287054409,-0.06718494928680387,0.8133379720073861,16.925472940777734,-0.13185526667584888,0.02115206279808167,0.022214853160027945,0.011006471787436694,0.011541760440171328,-0.017578328376607822,-0.01718281460485727
2025-07-22,0.7309184993531694,-1.0,12.354065835437861,0.19937051244221501,0.37914188615123195,0.6722599830076466,14.448483546499054,-0.08489647076454279,0.3962984857441681,0.6432631531080897,15.2967061516446,0.05625815149694456,0.06848970266485095,0.7258088458336291,16.555982836860206,-0.03009004447184184,-0.05901439601626339,0.7947739944640895,16.93576316497333,-0.11875294236657705,-0.007200587845057162,-0.007845499497265753,-0.014863753735375766,-0.016502269976068542,-0.04831618376605449,-0.049417019404840994
2025-07-23,,,0.0,,0.8790931989924433,0.1013369502034489,13.154057761743932,-0.28838116466982444,0.15637125562626106,0.5121837653267112,14.762214484264554,-0.19110915668912032,0.18412809706355315,0.7187778649981329,16.389747498149397,0.05959119597194657,-0.05901439601626339,0.7947739944640895,16.93576316497333,-0.11875294236657705,0.004829543404629015,0.0054835261523357255,-0.013699442032340145,-0.01376649004239308,-0.027321926034323245,-0.026808834456441687
2025-07-24,,,0.0,1.0,0.7309184993531694,-1.0,12.354065835437861,0.36291774281912814,0.37914188615123195,0.6722599830076466,14.448483546499054,-0.01850071517340024,0.22760950285360654,0.6828371037612597,16.26947687079764,0.09878705639633902,-0.05901439601626339,0.7947739944640895,16.93576316497333,-0.10750642257665687,-0.018839649722720148,-0.01940069803031868,-0.018746799771461323,-0.02000365252552294,-0.013824966638362916,-0.012343081829583618
2025-07-25,0.41373690337601865,1.0,12.970379348692445,0.020675743822491176,0.41373690337601865,1.0,12.970379348692445,0.3193130038555906,0.6677241962774958,0.5095177664974619,13.759575983163023,-0.13395879104566238,0.2014949584084922,0.7360723601396333,15.85749695695361,0.01555083277939538,-0.05021748925551088,0.798592818522113,16.954546364616043,-0.10463513818811658,0.011065103152503124,0.011089578655392217,-0.030115584620559632,-0.032779776660875906,-0.0030163892992116203,-0.003471963635672797
2025-07-28,-0.1409570821335527,1.0,14.192988315120955,-0.1409570821335527,-0.014776759705524072,1.0,14.451082120019448,0.02925037805141499,0.06679245283018868,0.7812264150943395,14.566927118346197,0.08117195004803074,0.09993951391180028,0.7675684592543714,15.799872030862213,-0.06435373087730253,-0.05561079371806261,0.8105638910848323,17.015823187922543,-0.10652613093665898,-0.004718162724730674,-0.005829177256212048,-0.0285848001640445,-0.028724575045028736,0.007624455643622156,0.008015480052743442
2025-07-29,0.10897703549060543,1.0,13.484922376288697,0.07976878612716763,0.019335532878078723,1.0,14.773557631720209,-0.03574316674753356,0.019335532878078723,1.0,14.773557631720209,0.044891871737509324,0.25602444038373684,0.77601073549566,15.76210632906992,0.05251365905428246,-0.06578149654510633,0.8133514275275326,17.030647441695457,-0.11335906851644102,-0.006036276142021571,-0.005109719563590338,-0.03345243003067875,-0.03291474942877252,0.017490058618589013,0.018417273875728793
2025-07-30,-0.6541696140847284,1.0,14.056337630108633,-0.3212006880097653,-0.2781933089812721,1.0,15.053711150744887,-0.1632278024610947,-0.20157776689267576,1.0,15.171062424054648,-0.08310700706137969,-0.05868868202165394,0.8052694351078824,15.680536133171383,-0.13630054047668272,-0.10276424925147945,0.8182912624395124,17.057469935726683,-0.13343497260086193,-0.00021781433449226016,-0.0007536363307942669,-0.013622484001983102,-0.013042344414048626,0.04940792765251748,0.0509617643735132
2025-07-31,-1.0,1.0,12.905701276039686,-0.4158282071078126,-0.48324559204478984,1.0,14.688225924937125,-0.39623656067752205,-0.27665537778815835,1.0,15.26981420701136,-0.37947709381297917,-0.07632163771148637,0.8998815838564731,15.634350193809953,-0.34218488453497864,-0.03089114428532829,0.8037354768981357,16.980411643952237,-0.25193154099721926,-0.03020843457181844,-0.03217682216567153,0.0049218331330984225,0.007660570695939234,0.00938619580898392,0.010648769542826814
2025-08-01,-0.06073804244535952,1.0,14.74198961217136,-0.06073804244535952,-0.3305082728246637,1.0,15.250714361853907,-0.3865455154004219,-0.23764425489212243,1.0,15.668302565799396,-0.36491992944239465,-0.12073956740222853,0.9366670308062048,15.806558085433831,-0.34653587017400406,-0.033766976957118874,0.8226461162826186,17.08172791729199,-0.24417541926540814,0.012595887609018338,0.015144780271239494,0.02709919532134787,0.029307813025203036,0.032613825811879,0.033984596083726164
2025-08-04,0.36777983248123575,0.8566300445991515,13.731368877635438,0.3269535076482556,-0.05663417803768681,0.9657439896036388,15.162934404604169,-0.3634986421163527,-0.1664696915197917,0.9774249353407669,15.579950387820087,-0.34968079679714753,-0.1043313270422075,0.9251598959576794,15.88972609282748,-0.31562688330731303,-0.031823076863480355,0.8303208261991277,17.06645082004628,-0.2442523509634806,-0.009585792591364994,-0.010019351639955872,0.036209255807666575,0.036740055097772284,0.013720194321714922,0.012952562035726927
2025-08-05,1.0,1.0,12.173037959397275,1.0,0.10394678979771328,0.9637752858399296,15.107054857384403,0.11714695269635708,-0.1612368960909416,0.9751943236783167,15.485723857319767,-0.3545425575901546,-0.10180684099546712,0.9833583757370674,15.884889263712482,-0.32213709423716347,0.010886556021559567,0.8129254896601208,16.96885327659241,-0.23294650391143712,0.01379366988667417,0.014762685451133668,0.050942488649267724,0.05133202330450121,-0.005488766071952048,-0.005592681968964737
2025-08-06,-1.0,1.0,13.099096797545785,-1.0,0.02691563104977206,0.917691875351277,14.286326981802972,0.06913543377631776,-0.11323545645214704,0.9709018655480737,15.326122336866375,-0.36478335711226473,-0.15398886827458255,0.9843251986109129,15.94474188307531,-0.3300567541776384,0.05207689842403749,0.8224870759926985,16.884943981645414,-0.22383528756828225,0.018326502800589402,0.019949278779193703,0.0630304116545005,0.06400410878756169,-0.008157241363698694,-0.00935517903374066
2025-08-07,0.5764958796130419,-0.5764958796130419,14.148764048547294,0.5764958796130419,0.24524669073405536,-0.05896510228640195,14.546676287059398,0.24524669073405536,0.12570621468926554,0.5777560480950312,15.524323287452075,0.13321641765876363,-0.050010710023562055,0.7621558767429288,16.09829092565994,-0.3086824506827115,0.10065163748991292,0.719110190640116,16.880689646623885,-0.20612957522660505,-0.008031072383568863,-0.010529579836407767,0.004464362675885474,0.002988198846887613,-0.045276720833251405,-0.04812451713970436
2025-08-08,0.0,-1.0,12.157412722878947,0.6183547493071303,0.15232586165341047,-0.24415521812484942,14.54523120079881,0.3738045857817721,0.26593041131992595,0.14887208609167635,14.97468503512735,0.3856215696486519,-0.06983868101077899,0.7163796798711957,16.073610810567693,-0.27964614659836,0.051225189336915486,0.7251661764365287,16.664527830054823,-0.22191972933090687,0.021705948095337105,0.022577022343808643,0.005514630490530987,0.004676783058523145,0.0022683451735698475,0.001812963179760681
2025-08-11,0.07427341227125941,1.0,12.825575976983862,-0.27067430025445294,0.42506129955046995,-0.31845116469145895,14.487230301940055,0.3409342797179711,0.20347779966661617,0.022200333383846083,14.786138327336612,0.23377414833323176,-0.051286285518819516,0.6800150980785336,15.952973453544162,-0.2840132516044364,0.01854967211137421,0.7204471727938142,16.57249700780314,-0.24231074855939408,0.005147440250236206,0.0045726165667731074,-0.022489061485951787,-0.023787493062045244,-0.0717086632742117,-0.07297137590942836
2025-08-12,0.0764287818529975,1.0,16.893965069119808,0.09824947753983057,0.07573956001058918,0.9829047557085104,16.919509664740765,0.11266471945393035,0.08290961445374397,0.8932187051371692,17.000660029601754,0.1165098203464086,0.038912366623479695,0.907991398783077,17.199365118524895,-0.15887305121122822,0.08059141111019759,0.8826550467264107,17.412521430674204,-0.13023946117907012,0.02588159289190693,0.02743477093419401,-0.05643125472121986,-0.05692470527346603,-0.07289213768582753,-0.07405137104998531
2025-08-13,0.27753437075086873,1.0,14.789164504927392,0.3357410751493263,0.09791464597478176,1.0,17.02409363376088,0.10658374924680818,0.1225712115457653,0.9019749335358906,17.086219569451984,0.1565738760946246,0.08795994750401011,0.912091900387239,17.244955234969463,-0.1328711044876484,0.06258776490261446,0.8936101791207967,17.434922054541467,-0.1333283455141129,-0.0402395461780257,-0.04106663116148053,-0.07118765301819922,-0.07335928782130242,-0.09037030466020937,-0.09280758652793127
2025-08-14,0.17327075889285903,1.0,14.444173082602559,-0.025643296868771866,0.10363272692637394,1.0,17.0830813424701,0.11300569592522272,0.10248940677966102,0.9857886727142515,17.104270627594868,0.12358268393686411,0.10645490535692194,0.9160955090931584,17.291568040764982,0.12516245706985515,0.07718583670808148,0.9134990791418485,17.466083107274873,-0.12395231153228836,-0.0069808045689232715,-0.00884099562477221,-0.04974108350913688,-0.051112715986591964,-0.05156755692464072,-0.05284132488720977
2025-08-15,0.43382493775138864,1.0,13.165616334738697,0.015463917525773196,0.25495559784332383,1.0,15.433868765996827,0.15665480790508451,0.10958247977244927,1.0,17.116563463418434,0.09413670582789932,0.12601348566529832,0.9105527803880837,17.227598455429888,0.13646836363636364,0.07802038154983706,0.915631963497,17.44388869047249,-0.1300376450154583,-0.006297743881145792,-0.005887253776759823,-0.003246285316961342,-0.002863819878762523,-0.07872459299052366,-0.0782381959056774
2025-08-18,-1.0,-1.0,14.399958879014324,-0.923035695144174,-0.2964783355602214,0.14392059553349879,15.24849788567127,-0.3638626591783415,0.04035205646347099,0.874385581649372,17.167643772921732,0.046153846153846156,0.05415149728233002,0.802295918367347,17.256031243670932,0.07260760102767681,0.02194502253488758,0.827264022062485,17.48320470482051,-0.13972953647987355,-0.02879475298503193,-0.02856459564464757,-0.04921960178825985,-0.04918388284738315,-0.06267892342077905,
2025-08-19,0.6025811601915912,1.0,14.223107392328643,0.7549329285802191,-0.17325164297122508,0.06056083575524318,15.155577979545896,0.025690876267185112,0.047710381203548306,0.5698873171901222,15.93681367361435,0.10202196852095656,0.07387836827843718,0.8102599275979687,17.297147522380786,0.11254134383267085,0.03946548346886686,0.8441661225539661,17.515151919454635,-0.11633344503722542,0.011125194594927357,0.011000188386357572,-0.016460882964607664,-0.0171266657765193,-0.019634154279749648,-0.019189012823035468
2025-08-20,,,0.0,-1.0,-0.26938008006793646,-0.08819604512920054,15.008584484708802,-0.02511299746444714,-0.05914582747962911,0.3699072773250913,15.554993969349177,-0.021299763631051974,0.09025930228200997,0.8073656337043005,17.282008701434755,0.12027456952852737,0.03946548346886686,0.8441661225539661,17.515151919454635,-0.1189379685516933,-0.018792976668963263,-0.018820059326770045,-0.019182651642010187,-0.019448298706628907,-0.017801051623891877,-0.01756476338286404
2025-08-21,-0.6646464646464646,1.0,13.700100828786772,-0.7997855802733852,0.1309832094227717,1.0,14.68856012147537,0.09963720237380169,-0.26620385113474726,0.2382650786574103,15.365262370532403,-0.1915862293240307,0.04739228233592112,0.8740795497447644,17.266129682086074,0.06595438168780728,0.024283826753589942,0.8475261229606184,17.536949187336354,-0.13530102683479955,0.03951399362325229,0.039407900483057104,-0.0018264734155038448,-0.0017286089006177425,-0.020933617184039376,-0.021263892257228866
2025-08-22,0.14859160334638116,1.0,14.08010387470934,0.32987395125054675,-0.1816855827521765,1.0,14.601191795736337,-0.1405892482249428,-0.23434284569576222,0.3465790096701935,15.51863933982705,-0.055941845764854614,0.051709502548088856,0.8900475908838787,17.300813184011517,0.06033128019068914,0.024158001004806005,0.8506820357748854,17.557864449792287,-0.1221442208912999,-0.052271060352444394,-0.05220731674538039,-0.07547830767356238,-0.07537437602691487,-0.044419430414049756,-0.0436561957561303
2025-08-25,,,0.0,-0.3545983278807706,-0.1816855827521765,1.0,14.601191795736337,-0.14765941617557804,0.13718860728679236,1.0,15.1230595569938,0.10981819116928536,0.051449596567960394,0.8887810865852259,17.289360360121467,0.05926382902108641,0.03006976184748617,0.8453358731031504,17.522686628458043,-0.12494586321336335,0.003963965838620361,0.003492621426216268,-0.013459321632519092,,0.011959862131436308,0.012956414457166665
2025-08-26,0.07160450387051372,0.8576706544686841,14.636875476155982,-0.3827992400253325,0.09965049629526072,0.9095204809170978,15.0898955061335,-0.1417067752684191,-0.0527811975377728,0.9275657526580863,15.312339749854532,-0.2688969764837626,0.01266247706780124,0.6946328896522111,16.36569771917196,-0.07494836992818026,0.030962058178877705,0.843371471401178,17.560148720398384,-0.1395209438968916,0.008403425917524923,0.008678555456248028,-0.0031732713151419187,-0.0020623470465162366,0.0008190476010326292,0.0018999372403042305
2025-08-27,1.0,1.0,12.897721203716351,0.427958526993207,0.21032547699214366,0.8789375233819678,14.79871236923247,-0.2963815026840012,0.03361482668639175,0.9335100371899978,15.397967947536179,-0.21071079400079046,-0.01639949627413292,0.6296289282569381,16.172707029411374,-0.12751673937895155,0.06135081891223733,0.8400706891223733,17.539293752228552,-0.13176736228420005,-0.001436798442457033,-0.0011003695207589385,0.0013816000181182786,0.0018835353237647045,0.012258849128611436,0.013730906944332941
2025-08-28,-0.1521584432340403,0.8888024314492262,16.52597790208781,-0.1521584432340403,-0.09744597471385091,0.8873134454777998,16.68960053975366,-0.18214007941381144,-0.08058509798971186,0.8950358191056269,16.760591488930295,-0.1347323876762312,-0.11744124776056486,0.7646285172304774,16.981934564984122,-0.1475858519696828,0.011701112310340829,0.8519940415131702,17.84183500755893,0.0016644725891627704,-0.03413784063480624,-0.03423786664323991,-0.019107143768535485,-0.01953528335661114,0.021512320935359326,0.022549746398403923
2025-08-29,-0.36935655883398505,-0.06647707074297904,14.626618980523132,0.6147049103337914,-0.1537761292766636,0.7697626949977665,16.688289634833165,0.1852631035030025,-0.1281031278025221,0.7797762491420213,16.809225848775473,0.09701385734464156,-0.15102472220912505,0.6863124145409967,17.052257773942934,0.06489679141493342,-0.00039261876717707107,0.8082371058797797,17.836913408711847,0.09767438142489435,0.009747925688598797,,0.031058877259512573,0.03171818027078454,0.07492324949687641,0.07733471745241176
2025-09-01,,,0.0,,-0.18043351246912367,0.7644431846448425,16.665448035521177,0.18014660159415102,-0.1281031278025221,0.7797762491420213,16.809225848775473,0.1130232528172054,-0.08664316391058807,0.8141929593182511,16.979161200272618,0.11238111430543964,-0.006562158220925993,0.8074261757200145,17.820295061701948,0.09354762146950124,0.014250016155997422,,0.025419183763955504,,0.054248388988089,
2025-09-02,-0.536064714253614,-0.3444685791326493,14.797664308441844,-0.3767454350161117,-0.4598219729301305,-0.21733121976994674,15.408941235479785,0.4106814759556274,-0.20392212730211287,0.6236054685772954,16.828901053376583,0.12958757161715953,-0.17672153336717183,0.6783087198575561,17.027313468642514,0.03556375332505088,-0.03461831601748967,0.7531319381826997,17.86445148275668,0.07294473733046516,0.012958297250785223,0.012624437826529103,0.0039923189161744765,0.003962284286820351,0.05238636870186403,0.05258672465718229
2025-09-03,-0.16144127281235376,0.16144127281235376,12.965477961593038,-0.16144127281235376,-0.484375,-0.2746642561983471,14.946138498894921,-0.3497328714847649,-0.2266204873358418,0.6065403276050687,16.83027560372852,0.1198586558276082,-0.17646290077303256,0.6695602585223672,17.04438427691093,0.03950884449017462,-0.027331010063622204,0.7466111223627514,17.863385279483175,0.0784897674643689,-0.021925542229110785,-0.022519188201134792,0.010877249110493157,0.011847371620568044,0.029610867721962832,0.029359339875701045
2025-09-04,-0.4229559748427673,-0.592338479130932,14.151411917380385,-0.4229559748427673,-0.4652641878669276,-0.3735100515922434,15.318876813050338,-0.3710516459278372,-0.43327602561062367,-0.271105050984112,15.72463831018405,0.3241413150147203,-0.17296598523257528,0.5895867139762572,17.06431020582448,0.05485207475451378,-0.05170628831008759,0.7461386574207436,17.863449877329913,0.06022432409809994,0.016028180393241734,0.017015596984155824,0.04061946470389491,0.042085029755015047,0.06694908122069322,0.06819062515431334
2025-09-05,-0.7612835898773807,1.0,14.242868264718954,-0.30277884986491704,-0.5440800047621882,0.23019227334960424,15.02739230399497,-0.3304098066369185,-0.540530679933665,-0.024278606965174143,15.612257734540833,-0.35047829500188993,-0.22379250241441803,0.5932234692974525,17.073210902126718,0.018128978688070854,-0.07043260209477671,0.7584524581215244,17.886620627771904,0.038929898890130744,0.004108232193041775,0.004405293467916418,0.043864372237363836,0.04561653718162715,0.030716211784516247,0.030284168514436945
2025-09-08,-0.0034517925786459558,0.5445202792813995,14.058222199269018,0.1793802527747482,-0.4191485821587317,0.3324142520976445,15.25228436989085,-0.18681296837418251,-0.44680821936561393,0.07497912303037779,15.804028671459978,-0.25259265404809594,-0.21349085254030897,0.5909464356450169,17.121092416542922,0.03488463399250735,-0.06990160453321372,0.7523632887638996,17.901908647101827,0.04680434605312044,-0.007176848691783542,-0.00756385579064611,0.028829205224133427,0.027865580063088535,0.0005973636218823808,-0.0007852375747021967
2025-09-09,-0.5437003405221339,0.5742338251986379,14.38196065301499,-0.5437003405221339,-0.4660058206962953,0.7087901266986147,15.335002099616046,-0.24214332066376193,-0.4362385679668569,0.38760259516923323,15.67126168007471,-0.27240619936011967,-0.259468167817948,0.5671780150115129,17.102149736104924,0.05176010640009439,-0.17135758032268095,0.608445413942061,17.49338722784022,0.008305349321512511,0.01984322744510375,0.020509525160276744,0.04839404978568942,0.048624440370361975,0.00304161665006015,0.003000870924468494
2025-09-10,1.0,1.0,11.790564777297387,0.5070165321030373,-0.2620633067188437,0.5800170416890207,14.96883228269122,-0.03460136204168673,-0.4244152693776532,0.41669535001884905,15.623979804660133,-0.17493712578672557,-0.2721839201975428,0.562808188662433,17.092104233491796,0.058727914820168266,-0.19926471183668182,0.5818574933799772,17.427689863906554,0.000584492911430205,0.00781667336429095,0.007718469933312114,0.018733618611469882,0.017511968255132973,-0.0008361352925979874,-0.0017060880446956041
2025-09-11,,,0.0,0.0,-0.43611404435058077,0.6039070749736009,14.454202080711125,-0.15219005196733482,-0.42484952891384337,0.7169654820391758,15.363477452990226,-0.12050710504318751,-0.42981544400869937,0.1346743412145932,16.253421769598194,0.1979555618031822,-0.21912565820150348,0.5595651036631828,17.375749525165574,0.0017081753271155752,0.019273087926710706,0.020547104410767965,0.02632961651679831,0.026105595399298537,-0.04525504553330627,-0.04610271294162742
2025-09-12,-0.051045728465083304,1.0,13.24316584996959,-0.051045728465083304,0.14823326630278655,1.0,13.453393690727303,0.3057820835121712,-0.23016957325403842,0.6434943341637869,15.132696237320033,-0.036291299781888685,-0.4218623564719499,0.2310481516762437,16.094100147830677,-0.21897347466653141,-0.22611370006559947,0.5600916688675146,17.376945797791375,0.0009483040971307136,-0.010926934820188564,-0.013345663650622269,-0.013148160452847635,-0.015332368667190259,-0.06602875171659423,-0.06922963174677177
2025-09-15,0.0,1.0,11.73927188163082,-0.7004300047778309,-0.04176334106728538,1.0,13.443868448446578,-0.3190962243583391,-0.33085616968570986,0.7096299736801361,14.7646947201972,-0.19742883379247014,-0.4165124439994741,0.24079973301780888,16.106862899154805,-0.23542714388348246,-0.18388080524428307,0.645170233506533,17.3284013898555,0.02895769529016441,0.01238799586977241,0.013195004516627518,-0.028231841602251027,-0.028650817637790767,-0.009337982230359834,-0.00812451774876667
2025-09-16,-1.0,1.0,11.616393190430356,-1.0,-0.1745159275452842,1.0,13.592993060637363,-0.395812379994514,-0.008257372654155496,1.0,13.745625502885591,0.04378818737270876,-0.3817846909537454,0.465520534861509,15.80734977535224,-0.19958424391023932,-0.22346420840486675,0.6298051802642382,17.286010127714512,-0.009692085480747136,-0.009817203729115933,-0.010602946954952407,-0.04535243313562933,-0.045623569445893464,-0.02124474719954698,-0.02085787726219653
2025-09-17,-0.43760803278370136,1.0,15.45429385180906,-0.43760803278370136,-0.438999480056451,1.0,15.499165193781325,-0.4679663285432516,-0.40220862607994085,1.0,15.598801100185112,-0.42848027564644514,-0.41345172399485497,0.7046761545164102,16.304616793800133,-0.28764714224932636,-0.25302332065294614,0.6809046236498604,17.434549486791408,-0.04647236090999055,0.015412671269619375,0.01631209707747752,-0.019569753904067868,-0.01921805629982846,0.015393692744075827,0.016162273120346494
2025-09-18,0.14096911491869474,0.8724653497762742,16.03068430308191,0.13408760549324192,-0.0743544942729567,0.9189755109964779,16.48432091506354,-0.07790916123328545,-0.07286731425848972,0.9226727720282681,16.531026223015242,-0.09378314749178589,-0.15639210065457776,0.8738587787607939,16.80191450767862,-0.10165865318820878,-0.16576007653537017,0.7131810671505714,17.63484137565434,-0.0010409895754424205,-0.020204689042935087,-0.02089085965572067,-0.07158466205010461,-0.07220830834092574,0.028757884439831512,0.029813306051385765
2025-09-19,-0.09838162504866248,1.0,15.78853560997526,-0.09838162504866248,-0.07761703473258837,0.9456573801518766,16.883763519602883,-0.07999573281879786,-0.08187446528614666,0.9462480336329264,16.894692084169428,-0.09637201553686384,-0.10360570789251575,0.9018823483227667,17.053149293339843,-0.0853703635220591,-0.16430187007415006,0.7460049122479753,17.756377566536628,-0.02423654357915515,-0.026010615969591894,-0.026664112621222733,-0.0528805912637465,-0.053897263079581606,0.06394528973653248,0.06571382835767188
2025-09-22,0.2474315939375445,1.0,15.184760738772503,0.2474315939375445,0.07675055944952139,0.9423988801151431,16.82553032741704,0.07380772142316427,-0.031588094380685466,0.9542579342090842,17.056053975880786,-0.033691101112360955,-0.05907319986349676,0.9317910362871118,17.152389874186714,-0.054907920189565085,-0.13507390478666176,0.7640354107546448,17.83001074423269,-0.0034531609704267752,-0.004732595663605781,-0.0037777472914753293,0.018893859371891173,0.020526299889023998,0.11210564307297076,0.11335674012612174
2025-09-23,0.406220484183665,1.0,15.613070008071015,0.36334281170176874,0.15833027383928625,1.0,16.65807422762986,0.1456583763220842,0.055777272207323425,0.9628681096607736,17.26459614159467,0.04760853800800832,0.05393453297576541,0.9639366623359389,17.29379554682681,0.047364909939959975,-0.08779702790376101,0.7845086541045931,17.895703811067676,0.04966798087974529,0.015965475502445595,0.015802566191112498,0.024107685936082323,0.02476569218369681,0.08617004189964583,0.08636721224523329
2025-09-24,1.0,1.0,11.894104711087113,1.0,0.3530755312101407,1.0,16.129401597203067,0.32815062842723347,0.15697549217767132,0.9558504067006435,17.091488610649574,0.14634748919126317,0.054354766568471706,0.9639526813393586,17.294239836312038,0.03709441719167824,-0.09246925925108525,0.7835830904235543,17.891417877328475,0.04864353793797416,-0.03660223687641738,-0.03667815496361972,0.034963446648143603,0.03538032942017501,0.08461106195371541,0.08392787386628803
2025-09-25,0.7333357792779571,0.9712356912239506,16.42763713114133,0.4490999893489864,0.6356509316331218,0.9802113148874518,16.801662132842704,0.4296267011589582,0.4156319401566556,0.9873279002783337,17.247369725590733,0.2983861354762369,0.2553071351785695,0.9661081732596397,17.645162335151184,0.1767699154981557,0.11887866201935453,0.8005447373364223,17.867218998493147,0.18341088196130326,-0.0015006182565770816,-0.002579814394376446,0.1003425464899362,0.10202161439231165,0.10142141475292607,0.1015852824822547
2025-09-26,-0.734242456780844,1.0,14.437484455953475,-0.4540908093880237,0.5610219351538018,0.9749312527978513,16.56515052277653,0.34674035093166095,0.47637310920431336,0.9846900715895377,17.058270903150557,0.3369998778949082,0.22002792275408756,0.9670376323532208,17.67296968436365,0.1513780680288993,0.11029316485663955,0.8412160860688032,17.860451285259554,0.08227448803199879,0.04576383466604581,0.04775945034738294,0.11682588100027907,0.11961109143725344,0.06616667533752933,0.06651428839790582
2025-09-29,-1.0,1.0,12.26670197321789,-1.0,0.5358050321274144,0.9750367761779521,16.5693687667384,0.3270506090203075,0.5031757781798907,0.9820876971724151,16.901284657887572,0.3396434407617155,0.21514378478664192,0.9670981615786811,17.674807685452155,0.15355652852756974,0.10617704373494206,0.8418047358440204,17.864165412131673,0.0786592449253241,0.0004812309005853802,0.000461645003197558,0.09321178370107965,0.09283044023709756,0.01463750944719519,0.012846177575588133
2025-09-30,0.48024796879758713,0.9534321671726251,16.13580795780126,0.36867792198402083,0.26997339600776904,0.9613181217255056,16.32134673254064,0.20887551267298102,0.5166895905210502,0.966728394587409,17.07469116201994,0.3453203322593505,0.2644165718837283,0.9646155290974925,17.867292044892025,0.19380259180097434,0.19136248087269855,0.9081920381065205,17.987260522456012,0.1423359242176789,0.026821236214506893,0.02641720342759073,0.062062355963563395,0.06160152006153653,-0.015118900764935925,-0.016911426233446807
2025-10-01,0.2898887765419616,0.8787102572744636,16.694821424674476,0.3134375373385616,0.34889264077862747,0.9066015918732178,17.154591407548455,0.3246231832802843,0.422644092317976,0.930747782930972,17.59248790484574,0.33134638051271975,0.32240577367435985,0.9402191498854644,18.066187717898593,0.26595954397333804,0.21453370541851066,0.9056900322857693,18.22470723386636,0.17891114820377477,0.028776862965375075,0.029963130008516865,0.04964761530557183,0.04854754444611302,-0.05383667146903772,-0.05497496841261884
2025-10-02,0.47220163083765754,0.06360266864343966,13.421728437208538,0.22125619566100593,0.3617982076551551,0.8860660543287082,17.170845520426013,0.3296469615112822,0.28594904703175694,0.8937595793077191,17.24075972904731,0.26732470474130793,0.351004793689714,0.9406983608046133,17.937217353159,0.28313021300265995,0.2276140880990983,0.9244440571584966,18.215852206633205,0.18890085436476728,0.014982716253765894,0.015009662650565449,0.0010788682629898885,-0.00043633191005696277,-0.11065241742072664,-0.11286928815590869
2025-10-03,1.0,0.11199119911991207,13.026955392817271,1.0,0.3134329935027204,0.831260894828588,16.756311400815456,0.3532189718883906,0.3618214185838716,0.8748934254592085,17.19385550037807,0.3496121199363542,0.4152203399087872,0.9260757557827277,17.821506504036325,0.34359391842244114,0.25083830845771143,0.9184104477611941,18.202524746587006,0.21300811909811815,0.022149737366846424,0.020978799147227067,-0.05065920566274969,-0.05309680303934752,-0.14227693095479313,-0.14362989169718857
2025-10-06,-0.730942546000751,1.0,13.878674071712311,-0.3894443310888934,-0.002552183027982864,0.5282107373985963,14.601328529112394,0.26521568819468244,0.3328362314373867,0.8784287603272918,17.222521044080846,0.32578005816170863,0.4044426260053439,0.9220043296778866,17.76789403062534,0.3318005208640612,0.24183912059408533,0.9254375518297056,18.199915624425497,0.2036168908441816,-0.03066819683693094,-0.03076727517236361,-0.07857427425388434,-0.07998426266150936,-0.12416672606343337,-0.12473306759069491
2025-10-07,-0.1704820696479902,1.0,16.177354729079504,-0.1704820696479902,-0.17584211307315625,0.9667276714316335,16.311208851269342,-0.07411395977540775,0.10932573586829028,0.8956306952399311,17.236729529876577,0.15239959284396076,0.29654153181165677,0.928305691366984,17.852135978579756,0.24506712415417914,0.20824919417333979,0.9412729253473198,18.304585045192074,0.17643514500290508,0.014406495556515351,0.013363227812167158,-0.07718125672849933,-0.07851294629498318,-0.08421072176342,-0.08510637677481497
2025-10-08,0.5405413382921573,0.7426724519613921,15.035721113547925,0.5646865048863512,-0.05020048328420829,0.9421253883533816,16.52779186197949,0.011410158527861106,0.0010375109617973641,0.8822301545150253,16.60006496747537,0.09588749311638249,0.30862743919140095,0.9176269782418449,17.907793012168998,0.26481045958888627,0.21931439331967423,0.9338988394808381,18.340499454176772,0.19051975849844907,-0.019791884077206796,-0.01902074634765299,-0.10348428677460945,-0.10352251285873168,-0.13512875314995815,-0.13504144290636233
2025-10-09,-0.2545009613703898,0.9195245586435938,14.866507342279892,-0.3349446436924996,-0.041853264447858404,0.9346339322257087,16.64038932454628,-0.016961977082823005,-0.05602711849651225,0.9180786349341081,16.72669755665213,0.023529522624903414,0.15796729309758517,0.9028607849086419,17.709550859430678,0.17224905878094446,0.20507086303036928,0.9334667291609304,18.371021913101256,0.17441048704941456,-0.03675535767197365,-0.03765080847872522,-0.11173128568371649,-0.11243295624585174,-0.09370404586955301,-0.09420517518463205
2025-10-10,-0.5602861796927401,0.9137628158037625,14.95683138051768,-0.32216680255143637,-0.06939750301195186,0.8537204268975296,16.05401579794977,0.012891653115622537,-0.153806696746616,0.9348373308002849,16.862648667072822,-0.09277830994127692,0.14631619065767848,0.8999468013307608,17.735049269584334,0.16098965103312096,0.18202842550456858,0.9324513083529724,18.397638304327355,0.15639511711327592,-0.005765331224288336,-0.00590866047493476,-0.09161772529204358,-0.09053308865784111,-0.05353355430360761,-0.052247796528106905
2025-10-13,-0.24307569032230855,0.9236876232247726,16.065190637396285,-0.07618709213342924,-0.3093608854944075,0.9209103068602555,16.554807521015412,-0.17428127345972066,-0.16167534648594548,0.9288944680995437,17.199036074643043,-0.07436163782226213,0.08848370645807,0.9033653314199304,17.90399466454663,0.12417764373678686,0.1445881357546689,0.9315959634446318,18.489099860206593,0.13685822106412138,-0.029275179311545912,-0.029295958805837487,-0.04559245180954893,-0.04474880492918562,-0.009496789234634075,-0.008086091812176168
2025-10-14,0.09195455923861065,0.5663882992372111,16.657368838409706,0.10956369138350948,-0.0834218094828513,0.7167912052467476,17.208783322628822,-0.008203036347782463,-0.03830987792822313,0.7353297270879384,17.399351694509004,0.02964051241769218,0.0295189159735388,0.8089774131132137,18.014489887552607,0.0843006483734179,0.13833921080003642,0.8810793913216526,18.636744097717454,0.1342302061314843,-0.011896534489594823,-0.011646338751581328,-0.007029465034920646,-0.006593430479831733,0.008972174911253355,0.00903432936009557
2025-10-15,0.4116198203419299,0.8866995073891626,14.831031412979716,0.4116198203419299,0.01387060228420956,0.7117690886636661,17.19627054490803,0.0687445056144048,-0.05862736508923399,0.7464369992510844,17.381784457371957,-0.0053808272229811755,-0.03989561258775697,0.7890691799267504,17.75858835288295,0.02782457604742477,0.1688983816643391,0.8761767846874229,18.61731604360068,0.16185879773738,-0.028038882986313768,-0.027931189734773015,-0.0316444663753487,-0.03151893004763053,-0.0061925749845369886,-0.006670926898715774
2025-10-16,-0.7146948842390007,0.941761476648898,14.044159725520855,-0.49635492605707143,0.0857488436261239,0.6304611793832358,16.867873653428287,0.10779897906259384,-0.06645175232157817,0.739047805120645,17.33540614157555,0.0038950666910771664,-0.06277859258620194,0.8021300050805702,17.76981690881912,0.01096869796361081,0.16138965542386088,0.877199779659632,18.550163083966094,0.15638870115446787,-0.016641797280300727,-0.015750940890714573,0.018027239814163612,0.01822778106121972,-0.016505071904668073,-0.016909210235066818
2025-10-17,-1.0,1.0,13.570378266549609,-1.0,-0.11343041059933755,0.919588359060892,15.384189182245366,-0.07245620723558802,-0.040505716994457985,0.7281421199646227,17.26335616067902,0.020631991393862004,-0.08595553997515604,0.8110563256845427,17.776087528240417,-0.02606663111086721,0.17032214578905377,0.8698718324689216,18.492202025647895,0.16411085215743385,0.04025994225820628,0.03987562325372075,0.03808417098843597,0.03828529212973408,0.030097494839191944,0.029814051508285998
2025-10-20,-1.0,1.0,13.803944933226086,-1.0,-0.8815719947159841,0.9758256274768824,14.923413223790412,-0.7741172074484648,0.0019096283636490469,0.6589961807432727,16.94823576982467,0.02519062435528759,-0.09008622252241423,0.8107798187018349,17.77462516200627,-0.033475530993268235,0.15634602020480481,0.8662049081939156,18.46441243080916,0.15149187229204436,0.009287807463082401,0.008859415643516276,0.03609566257491497,0.03666271311700933,-0.038759109657544706,-0.03888388763524635
2025-10-21,0.30095403295750217,0.7742844752818734,13.73473533206476,0.4656516222584738,-0.5544830146649341,0.922702803044366,14.806352392366811,-0.18690766484828678,-0.18706043628561211,0.911461437596853,15.719288479518859,-0.03936911602885438,-0.061676669132172984,0.7629977435935846,17.570243316946225,0.018220957945721535,0.1425113504036426,0.8572249558916922,18.414237037798017,0.14596387208770967,-0.03651153583002286,-0.03657183831938009,0.016001639946174026,0.015627759839927337,-0.10530663380413428,-0.10467822628819282
2025-10-22,-1.0,1.0,12.708667489167874,-0.6392030156165859,-0.46464421146553647,0.9071157706892705,14.622656288707356,-0.0844792666027076,-0.6359261854706845,0.9342676944639103,15.269697418717339,-0.30366676150151456,-0.12093380897757497,0.7667091048896395,17.495992375421277,-0.04461349498791553,0.13745568449065168,0.8574891578320285,18.416089229062433,0.14101046609527634,0.02163282320319854,0.02181552137407722,0.025451891390811818,0.024848003148914864,-0.03837726893424944,-0.03812998326854889
2025-10-23,-1.0,1.0,11.72157244693173,0.6368672878368169,-0.12803371602964686,0.8487138497311437,14.134837362388822,0.3867150701927716,-0.6187208083118864,0.9338480602421122,14.962055818120296,-0.014371101022307868,-0.11352029072632838,0.7556501535411961,17.42448607185936,0.0013420949920227518,0.041441424687721926,0.839676139711822,18.27028916816529,0.09602671927456477,0.0034151338939716687,0.00430657017779987,-0.034532311718831574,-0.035136991296286474,-0.08894796492020796,-0.08852379656708671
2025-10-24,-1.0,1.0,14.482622237162202,-1.0,-1.0,1.0,14.691979211901588,-0.3158447522043917,-0.7217907402684719,0.9517306934365799,15.277214062204811,-0.17203061980409912,-0.12271337412122789,0.7551215663894322,17.391946163187978,-0.01313521116601147,0.034653884962338795,0.839836234413299,18.271288237708127,0.08702082522600922,0.03827143384468523,0.03825304424099587,-0.007986676149243921,-0.008471240621448259,-0.06427306986270093,-0.06493119199423476
2025-10-27,-0.28106726155307316,-1.0,12.106804643871504,-0.7047331850001847,-0.942208683123389,0.8392302539971832,14.627728833165234,-0.36199025336878765,-0.6205829089771269,0.8373033564286934,15.06995782152374,-0.1330331429516676,-0.08062464613988368,0.6826373531287881,17.090475558574386,-0.012017962877668383,0.03654358128069932,0.8355706977045487,18.270923565215803,0.08132460216997285,-0.010806215165658474,-0.012175537633565655,-0.0748547722324596,-0.0755466007522557,-0.08092084723004019,-0.08117948509617216
2025-10-28,0.020245517064078667,0.49341217301883145,15.867002755280112,0.020245517064078667,-0.18588798146045912,0.565737048978429,16.10897417650876,-0.23272362582350495,-0.22153828249911053,0.5847536026974431,16.153752328166355,-0.14303253825376597,-0.2079863892883057,0.7131696778279322,16.653079110200547,-0.10276242033790658,-0.018934803225316526,0.789431571400443,18.242659925710104,0.043020772971938626,-0.027061284385385152,-0.02735159501039272,-0.12130827375030842,-0.12030598612812021,-0.10104912371547174,-0.10005081428972096
2025-10-29,0.15196681617909738,0.20648592863096882,16.125786103476234,0.1142829717796122,0.09080925006426782,0.31812090821058603,16.707980113942586,0.03344387729989517,-0.021571837409587333,0.3883717919984382,16.816707870949323,-0.01297049269100481,-0.129402357031084,0.4841865917274111,17.009708370135524,-0.07346860061677513,-0.06863313050984998,0.6911819324684298,18.14581880791251,-0.005445294982735191,-0.0383513799064449,-0.03816947307112402,-0.06382916032506115,-0.0629779864174637,-0.08613691280966125,-0.0858096364933122
2025-10-30,0.21391910649149423,1.0,14.946235343347634,0.21391910649149423,0.11222356904927797,0.43032078875282753,16.85786879835831,0.09442414793805234,0.01525274819911144,0.46718771923721825,16.954663290743103,-0.02655309482686052,-0.06081219067125874,0.523178209608953,17.082475348838972,-0.024096815987803957,-0.06212058590988755,0.7087858405965197,18.177220958468542,-0.0009587678740217028,0.029960769463559474,0.03097232085263819,-0.05441565320137639,-0.05338680527080028,-0.08212428536315501,-0.08298577597539107
2025-10-31,0.8254120967224681,0.6292732986979668,14.259619931060115,0.7497302070048072,0.23625307108631619,0.41806138100473733,16.5056819480485,0.2174097528046546,0.1580802279852754,0.43257492608769077,16.937646381320103,0.11642103881610791,0.017561361871488993,0.5154861510245501,17.1116473789776,0.04993483203062216,-0.050786407953969936,0.7106384585661671,18.191213490111434,0.0006582252375624489,-0.02859666223853051,-0.028822315889811545,-0.056286393713457054,-0.05645995137278658,-0.15139293684798374,-0.1527471708249381
2025-11-03,-0.4607610816838584,0.8956416689898707,15.275148545628763,-0.18941749626794913,-0.0037605731247349746,0.8853750530051108,16.008437134335054,0.08518182715248795,0.061719510330709486,0.5165727624253769,17.10458762794186,0.07838515871134016,-0.017164655624741315,0.5536539227560322,17.22745003615833,0.03668294699361725,-0.06335900645748054,0.7165380234524732,18.23115207822904,-0.00609155874183201,-0.05725971668350718,-0.05693492300943019,-0.006066074997580543,-0.005632884343916456,-0.14915365892508353,-0.1499741611442747
2025-11-04,0.09130022348692934,0.2605837565753244,15.815475898142314,-0.10118133884471123,-0.0016450730548714604,0.510228527140838,16.39968168023805,-0.04134619147495034,0.08219874381129978,0.4518190004245215,17.08991190868061,0.03155054482515978,-0.0033569085063988708,0.4892635844820161,17.420747472360553,-0.017352361945412623,-0.03469237899348483,0.6363421830926734,18.191433591001143,0.0010797270961643549,0.030417829039861937,0.029976404700263796,0.020259150034836675,0.020255171838399227,-0.08221368371957886,-0.08234803282600248
2025-11-05,-0.03700904815562018,0.9477757460848677,16.51153547765823,-0.039639869997914044,-0.07004631797081222,0.7478078195892652,17.093179681741454,-0.09034315993043446,0.002964271258265602,0.7669429425182763,17.254995525243903,-0.019601471750271587,-0.006657540650248755,0.6184866223413041,17.75282110141858,-0.0170999671690214,-0.056498384898695596,0.683132885077582,18.325776470756807,-0.028925426201413237,-0.028937872782760048,-0.02857829192446063,-0.022307752484600058,-0.022831650075848493,-0.1489939024958998,-0.14966314001583098
2025-11-06,0.3993333145004096,0.27568575383485405,15.079609318617203,0.4232778171124042,0.05979553153842542,0.658190158146992,17.063921883831675,0.00869748544365554,0.026675788259722718,0.6890953278280489,17.269075823102924,0.014973290381053278,0.021854830662440882,0.5954418725434527,17.817323059499756,-0.000915342987873678,-0.03270601891410065,0.6600113431430878,18.333219072868292,7.426710496449846e-06,0.028090028951478885,0.02789917475065188,-0.027708632161778577,-0.029598970704590825,-0.1553262801705316,-0.1565986614658983
2025-11-07,-0.16506260208539386,0.7474956850702519,15.779400946484008,-0.20846540323836804,-0.012213822102270205,0.7984275411740431,17.05370261734906,-0.006358417423442551,-0.04357093142540943,0.7027983100308928,17.431303030075078,-0.05627111396539294,0.03286141764899647,0.6003748572227179,17.907779601119383,0.004691113198500184,-0.02529664433092906,0.6582233595443501,18.37590822721814,-0.0020167234100553167,0.021623656477345946,0.022004751139058493,-0.09510654313452667,-0.09628721945215148,-0.20519097417793566,-0.20492565890664827
2025-11-10,-1.0,1.0,11.302216779257382,-0.4177362893815636,0.014532979887511038,0.5940045584723117,16.190220944617668,0.021819532816322977,0.008565542704554528,0.6783424468157346,17.310726346056732,-0.03743372119798966,0.032412912728891026,0.6057649574077995,17.90610641924538,0.012979080650455523,-0.0022547896926663528,0.6293410976390408,18.272387187639104,0.0051644279794119535,-0.030934491651090044,-0.031046866827114362,-0.14308758392750295,-0.14434127680035808,-0.1740081999463473,-0.1741477104677877
2025-11-11,0.43035616438356167,1.0,13.723944460328594,0.6245576020223907,-0.10648372716996825,0.7783882492935472,15.909902286596795,-0.09147560237051004,1.5067350490249669e-05,0.8059900006415897,17.091941828955786,0.019080229566489634,0.04106519901585564,0.6290842352016872,17.78407454554954,0.0257481942445806,-0.019697769007101854,0.6495991859244865,18.06375859803317,-0.006875059193173905,-0.012149073479574588,-0.013110417213983898,-0.1024728337544154,-0.10260320466440172,-0.16246978319632197,-0.1632753019716233
2025-11-12,0.6903091219419685,0.943106391048739,13.868673054304873,0.48810418231905833,0.5076412284556419,0.9707045554416289,14.532423580331772,0.4465335703541638,0.1004246244926956,0.6520960795985906,16.35829295683836,0.11388754173799517,0.031201321208010828,0.7336685237704377,17.597103619157995,0.018750981700942523,-0.026171568233795007,0.6445454136289388,18.03907616576442,-0.013786801018662974,-0.03433875245993864,-0.03534561255320286,-0.12668615001129974,-0.12683148993998244,-0.12172718279138066,-0.1209352464427009
2025-11-13,-0.45687896518483645,0.7188333669603426,15.310816486533462,-0.4111043557562861,-0.14270823609944305,0.7955443542113942,15.676143047052918,-0.06175742229889535,-0.15948467706219488,0.7716453579287874,16.42820924507458,-0.1431581525715792,-0.0294240952524203,0.7139719688730048,17.627684476315665,-0.0289545757859952,-0.04094279294894368,0.6439551167505642,18.08493241724513,-0.0272095369320193,-0.03930788202126927,-0.03878907399690879,-0.12761764800875294,-0.12699969076130754,-0.07045273404169292,
2025-11-14,0.5070598806238368,0.598902509466658,15.645272209777156,0.36320890371563325,0.15749465852890354,0.6753407049890616,16.279168119836143,0.09541688548876365,0.1696778953316799,0.7006561391391706,16.36035147368085,0.1338488091128754,0.010854894068943315,0.7022515805557301,17.725972325294215,-0.00966378456606594,0.013209355501007623,0.6366832346513225,18.158407749319657,0.011114216781988354,-0.026357384315630415,-0.026049306209148044,-0.11008443104340898,-0.1086384394544968,,-0.03666204450550044
2025-11-17,0.0081507356832857,0.9742563776860378,15.368060819898725,-0.009299537923167643,0.07528897422259123,0.7486086426319682,16.55095547378607,0.03493285361670083,0.1312378837646761,0.7736040083526523,16.671043601046602,0.1053043050557871,0.05092654117317823,0.7112380027944563,17.73433237897863,0.010203254528155657,0.025329381306018885,0.6519982614041857,18.205816548982778,0.020534006730210268,0.009680258521997586,0.010691205308842053,-0.03092061601884436,-0.029806433667429542,-0.07171511411896839,-0.07160115081588375
2025-11-18,-0.27681610626816106,0.5808219178082192,15.387869669711934,-0.3086980675370025,0.11823328409587991,0.7057798008101992,16.573867296769752,0.053702182688778986,0.026069556394791724,0.7202713112752006,16.873710506808912,-0.016834855595510706,0.011626450150542285,0.7677888095278615,17.681914665438534,0.0031430543112938576,0.005107538316530196,0.6466089441055576,18.252980153986037,-0.0064965612444444175,-0.03636238973645897,-0.03733870248956475,-0.05999694944190645,-0.06067209730722156,-0.01827141496697856,-0.018978811769070007
2025-11-19,-0.03379682962049552,-0.07270455762335115,15.634123068602475,-0.06530157058331526,-0.09573506189190566,0.44267994498497276,16.56947701975076,-0.12152117441672115,-0.014444330799040834,0.5262274650635088,17.088795057379894,-0.0493472908585295,0.022897791339885086,0.5671454064297305,17.481962893816537,0.007615408384629254,0.006130945604356478,0.5962714621732823,18.31968179172206,-0.006758807025036888,-0.03527025045739193,-0.03551381337452794,0.004958967219918981,0.005896243497281641,0.038760893488437434,0.038856729346542045
2025-11-20,-0.36660263183171643,0.9940735760253578,16.85152072604296,-0.3298362508602185,-0.28850465203296516,0.7247329679624441,17.275080647394482,-0.27557456225608207,-0.139775767554117,0.7339566689741623,17.571094958258982,-0.14785406406643667,-0.1445412030240483,0.743069451956192,17.847891060056153,-0.146688220905675,-0.06261468571010437,0.6703837444136602,18.525871027121465,-0.07218217906208226,-0.021774665055925315,-0.020427822690098126,0.05716491396705996,,0.0690037120327611,0.06999998944569714
2025-11-21,-0.07339634361307436,0.4600365974448939,15.600027362300919,-0.11294677589126356,-0.2513174670633234,0.6979175520611984,17.31025902768114,-0.2402985672434313,-0.2253604340508668,0.7153624348276391,17.564626346756246,-0.22147805544423804,-0.13421892740023939,0.7119694629395905,17.826920893041223,-0.13519448928854624,-0.04730311860098849,0.6539175394134735,18.561314462741755,-0.060200416217901245,0.052806430708934246,0.05278269957791917,,0.07197639494899624,0.055344650918380825,0.0551528369702855
2025-11-24,-0.09694845962914295,0.5662140458461089,14.130176031779257,0.126165178280425,-0.291432936035668,0.8602412206689523,17.15300466068807,-0.24047063892338494,-0.24905315130667674,0.6788892353142617,17.482394908561602,-0.22219358134782408,-0.13207463703362912,0.7080237465384378,17.849990123323504,-0.1207858728848204,-0.047523859479810804,0.6554601321786262,18.571589021441312,-0.050882009405879725,-0.019396074901064625,-0.020174458330949947,-0.04079449810012412,-0.04179471714845419,0.019363853679518532,0.018611566704206505
2025-11-25,0.5277319693285257,-0.20131182976027429,16.188843075649515,0.5167657968494177,0.2820771224168863,0.07504042171476666,16.709188012685804,0.25610496129038574,-0.06099469640292242,0.47964808446683205,17.623170350263063,-0.04967183740336866,-0.03305238180664244,0.55687346327153,18.010214666818012,-0.03916705082120867,-0.00016606481519297324,0.5889137202461825,18.596670622913663,-0.00911762995119567,0.028593526925366687,0.02922963831493831,0.04172553447492794,0.041693285538151596,0.06438847851173883,0.06427365555530491
2025-11-26,-0.12203665987780041,-0.24154786150712826,14.020490953314432,0.22525100140456744,0.4037088159395067,-0.12614775250555121,16.405557774223052,0.4054565476039794,-0.06704214255617802,0.5424529595528196,17.5071138241318,-0.035463874704843946,-0.04616506533146887,0.5360127505375374,18.012817778280212,-0.040867482637524453,-0.015408618043526678,0.6145893733127652,18.519556369086434,-0.015787933803056896,0.016935696289749,,0.033801926268518266,0.0329604858492606,0.028753469457619415,0.028208980188328306
2025-11-27,,,0.0,,0.4610471046603013,-0.20544119860207677,16.29712855606035,0.4727558313044844,0.25635787650813235,0.0548916114916187,16.774947088466146,0.2534520161921589,-0.01663757548798236,0.522869212185094,17.9433914546228,-0.01576373971793992,-0.02202993656796564,0.6034615145805773,18.491092598872633,-0.021616360054232803,,,0.011838798065700982,,0.0041127595335125056,
2025-11-28,-0.41214057507987223,1.0,14.851183401846022,-0.41214057507987223,-0.3240944492520707,0.6231919891210285,15.212868738689465,-0.15360918279070748,0.2613795409787334,0.07031472559049745,16.597269665889943,0.2817511896961038,-0.0913085079710528,0.5377113433360226,17.886772436381587,-0.07458888786111943,-0.04432495206162069,0.6133811554252564,18.502748160518788,-0.04336736221940721,,-0.060988412519531326,,-0.016823557978710886,,-0.006812678417506707
2025-12-01,0.0884205386931402,0.7053299698917732,15.631068093453948,0.10412334858129939,-0.06892819282486191,0.7979579311499192,16.008448293242246,-0.05623428747849866,0.23404438368997377,0.22434172477906134,16.856316622328546,0.2527084422672941,-0.080741824988052,0.5205247460946281,17.910719762941735,-0.06256918300079242,-0.020698794682612025,0.6074932578604306,18.51955727494139,-0.028255425271198686,0.06312395767398753,0.06331354435565581,0.06015835177964272,0.060406283852660746,0.0030763053571080936,0.003293539411939074
2025-12-02,-0.01794574453928483,0.665988631827082,15.475698807411243,0.010388561569663932,-0.05007101773333896,0.7491456777623087,16.470286626921574,-0.03123127260203203,-0.05578893542102231,0.6704316700433028,16.5530743175661,-0.0012408910084064284,-0.05966522410412899,0.5283713149359774,17.918058067167376,-0.03747378290637836,-0.028208702097259047,0.6340111637148942,18.500087865068167,-0.019509299133934156,0.02066991871895707,0.020496838626047426,0.022662944036810975,0.022580370017153416,-0.03935715734683695,-0.03867122219251202
2025-12-03,0.134863523573201,0.6466501240694789,15.391598697499264,0.134863523573201,0.06779838431604354,0.675114526378011,16.603037214141583,0.0822302180026003,-0.0031430700290694625,0.7231369832824355,16.76298707702654,0.010272043816363966,-0.04646009846721731,0.6006517157397127,17.895872838767172,-0.021557811918224222,-0.01885739509906812,0.5873170436581785,18.403329070613147,-0.009737308298045314,-0.005027431913068371,-0.00437055327537275,-0.005048456810898994,-0.0047515056609321715,-0.0797190101525351,-0.07948983310668935
2025-12-04,-0.14431113890942174,0.9902911241257748,16.459527070479513,-0.07116244411326378,-0.060937105590935986,0.8509304433106153,17.000453147896263,-0.01425258841700672,-0.06309882453799574,0.8366005180002052,17.315871322662762,-0.02532580655481199,0.0544524892920852,0.5489530568831145,17.77469384764797,0.08451649970743949,-0.048684177840024795,0.6495618640795322,18.505109204750752,-0.03490124780494272,-0.035433726170305505,-0.035274975165509925,-0.007726038532188589,-0.007838678890446602,-0.08989706016391617,-0.09063629749045435
2025-12-05,-0.00012205825084714239,-0.8359420862661219,16.660704843055925,-0.0042313280350083065,-0.038224339181124604,0.07415848575898987,17.40209426743045,-0.013205967320279035,-0.019602107110762216,0.22129924466435025,17.676562343449117,0.004444872120353461,0.05166604620916172,0.183003548388617,17.969109407444705,0.08097715717229213,-0.03467987356103338,0.42871490166325454,18.593687393052424,-0.02046776034696933,0.01682563347007196,0.016241429311840378,0.010471995152549558,0.010010879561204153,-0.014413100988450212,-0.015507269002740147
2025-12-08,-0.3753823929299796,0.9000679809653298,14.671457053710252,-0.3339354527938343,-0.08671319521471627,0.049634085779452386,17.33087261468232,-0.056745455851713485,-0.05393327295514633,0.18981621245803248,17.593416879518387,-0.028077849597842146,0.039267400400640404,0.20098999945859397,17.98444453952104,0.06345015250284074,-0.040652855727963025,0.43748927038626606,18.61262255237686,-0.02545557227459278,0.025628549931155677,0.025487630520148335,-0.05708204642253467,-0.05711274444072174,-0.027931735588031935,-0.028148694426572685
2025-12-09,-0.1628452401783309,0.7848382389918149,16.015387171098293,-0.1852897476721216,-0.08239682750212815,-0.18128635738378718,17.168301701747865,-0.09032834785356368,-0.07861563086707443,0.25013900880515094,17.67598760550919,-0.06217026667832713,-0.07301233248029916,0.3533087907061281,17.957649550682294,-0.0468415574809943,-0.052507353153964084,0.45776561140179206,18.677424628247127,-0.0428236476725859,-0.00704148212875284,-0.006835037052038196,-0.06202010138364786,-0.06125159220966545,-0.06122837237162923,-0.0624593218250651
2025-12-10,0.17117161553385288,0.7736674229719509,15.620877195012724,0.17117161553385288,-0.07513869511725259,0.7964799965910065,16.675405926097532,-0.08455158241117469,-0.06862529945347004,0.2761305464361894,17.70189160031144,-0.05287104160676982,-0.05021682573484815,0.4017937426509579,18.031954751848478,-0.0352891782298312,-0.04821032954981295,0.46826112977953027,18.715579215449363,-0.038137662836595934,-0.007705013634357885,-0.007457726504887203,-0.0746705533416361,-0.07473832744575708,-0.05566963240560858,-0.05945841317093828
2025-12-11,0.27734105147812,0.8162414540603635,15.943242257879024,0.25976126729138777,0.08084882842871548,0.7931657352454795,16.972591826909945,0.06791074637668734,0.02355995354339378,0.14809433140645067,17.578114339221024,0.016932913022626627,-0.01412035803790578,0.44746536121879577,18.148711902851826,-0.0015840381903338256,-0.015250209718515255,0.48131033863070205,18.74445918271108,-0.008163041054071762,-0.01723569248556739,-0.017425416713859058,-0.08217102163172765,-0.08279761860000774,-0.044122944138888114,
2025-12-12,0.5332725615314494,0.3521725919173504,13.802730236462393,0.5332725615314494,0.2519252778801575,0.7698719067848667,16.554109427216133,0.2429974740387314,0.05748659072401503,0.786318930451329,17.105508186534205,0.04842577843904344,0.008226420635094505,0.4252677438674166,18.124403169119372,0.020396673021877258,-0.035655573285426415,0.4748407873947529,18.705776975998717,-0.02274819260447225,-0.05072840810501218,-0.05088219469008562,-0.024885096140999822,-0.025518148563944295,-0.030613389060026395,-0.031547105732504646
2025-12-15,0.027112765194672078,0.3988781330766067,14.987156432315793,0.06546940805232995,0.23333924644255905,0.6730951970671191,16.35003242829447,0.22083873707640772,0.090707779893405,0.7315462436848985,17.137538425608327,0.08311616502123878,0.002182251404510621,0.39998797327547586,18.0843810784399,0.01593702970128251,-0.03568863140321951,0.4550363283014176,18.694462647626413,-0.020570951593684557,0.020690494970042404,0.02134878275120472,0.02915031083450274,0.028964050014148927,0.015222688059516768,0.014688146561657086
2025-12-16,0.10344519655650251,0.39900482021685635,14.744046016254867,0.1484966970002991,0.12983666790306517,0.3920895401576008,15.724371200803986,0.15212486416969787,0.2000339436691523,0.6692330794531582,16.870614857399154,0.1992568601832476,0.0074529266229298174,0.3795876978021564,18.045425653183624,0.021275100004250005,-0.0239718640052412,0.44924834796436874,18.676915476547514,-0.0066932809662479656,-0.019691934086741084,-0.02032177228812997,0.0007917290120185302,-0.0012077296153996536,0.003452086971505228,0.002411092186731995
2025-12-17,0.62969740539834,1.0,15.339456157228677,0.62969740539834,0.31307261278509,0.665552291282187,16.152342379720203,0.3102211927949143,0.3088868366709917,0.7139903924172406,16.797726850784358,0.299394074756996,0.040171956476248244,0.40231973392456655,18.041843418686643,0.05261387714457611,1.1760318565013608e-05,0.4942608901078773,18.66466636646744,0.017704619385705715,-0.015205481924449447,-0.015517017659137754,0.019000920936027576,0.015279914274818812,0.019194435386797958,0.01911404267273025
2025-12-18,-0.31120407896457053,0.42476140671983265,15.156938559216112,-0.26362605518457854,0.17925917074067851,0.6600461975630572,16.20844810698887,0.19958116448355365,0.1699252212932839,0.5843986998058996,16.53418406474142,0.18510749250173247,0.06167234939208885,0.26170465067543014,17.879749767613404,0.06261608237974489,0.05825186739791985,0.3977914982982298,18.52174793848241,0.07321265153015277,0.040050233005160495,0.039854053322204264,0.0380480774928395,,0.05897940040212802,0.06028113939199736
2025-12-19,0.26434851765121725,0.8524278708081121,14.632334925050442,0.21858365626197676,0.2152630149558442,0.7626918646575702,16.183705566697668,0.21615278121590523,0.16110173411150194,0.6352564017542257,16.614996716480892,0.1702148167945286,0.09683683288686196,0.7289494486205399,17.583178040663334,0.0959737124544109,0.06994653357707611,0.40394628299193713,18.48779436542127,0.0870255991108941,0.003306998870490208,0.0036000038880076293,-0.0057282929190266224,-0.006028957168560246,0.06782035791294097,0.06871232722925513
2025-12-22,-0.5552533992583436,0.8935970333745364,14.519845422352239,-0.43925875085792726,-0.21144717211447173,0.6610236366102364,15.908645540076106,-0.17558778212954143,0.09437077972942604,0.7196450568985817,16.538869644481146,0.1138075123154038,0.09200685658718051,0.7273255079288283,17.575498264568267,0.09379328704450364,0.0603191353914089,0.41108461251936745,18.493879141139598,0.0757018177945775,-0.00766808685244164,-0.00882299687834389,-0.013927622774985974,-0.014275903452492024,0.04564065975980078,0.04603894747278083
2025-12-23,0.7223115460794594,0.6415705464289876,15.272147113159143,0.7223115460794594,0.3002226807969874,0.7566367038578574,15.964629853212443,0.30062434138216265,0.25161104277870305,0.7476827466881668,16.648259146979772,0.2587076696521534,0.22296713233986903,0.7041148593693585,17.458751724273725,0.224893532650194,0.038808625331437946,0.48584322389028944,18.43214278308373,0.05683657319161075,-0.0014827421627321953,-0.003834128397911361,0.002660357959486399,0.003618821802131523,0.037292775579500365,0.037359814733037504
2025-12-24,0.6282601135968471,1.0,13.6678234442155,0.683478089222266,0.3509691083645687,0.7556815806707817,15.786350364683287,0.3781340952177512,0.14526744317539297,0.676776357947906,16.40060192705523,0.16653871224741074,0.24311130095231548,0.6990302278476317,17.311896869656056,0.24734781211984985,0.04581300489581115,0.49910309260337815,18.428529839052132,0.05980717116392853,0.0038416746323626737,,0.00019351445077037065,0.0038341283979114065,0.037768344774545,0.040805819702827976
2025-12-25,,,0.0,,0.7065693997128555,0.7015637732334794,15.455322668269869,0.7148943389824118,0.33020127118644066,0.7788771186440677,16.060466644053882,0.34005183717030035,0.23142903158746933,0.6590272159598065,17.018265090300766,0.2431136815876289,0.04581300489581115,0.49910309260337815,18.428529839052132,0.05980717116392853,-0.003726137406705675,,0.020931322909288355,,0.02618313362207959,
2025-12-26,-0.01261471773510786,0.8493006874597853,15.591445646170413,-0.28741452024113034,0.06906995641574942,0.8685085321710866,15.727790202351189,-0.18284256404804933,0.18683737817695395,0.7979438180775846,16.386786093666487,0.026429111055149838,0.17250760856728845,0.7073584343049277,17.200534484909635,0.10241697652593755,0.054910251035175835,0.5054295330265142,18.458716120256028,0.04544046538394476,-0.004892330985469021,-0.00464694239592399,0.07354865083196756,0.07474128439781544,0.04341297355627382,0.04454816205035129
2025-12-29,-0.051336735471094526,0.709955061314647,14.087749750594545,0.18140676117775353,-0.019657279011456356,0.8239572222145262,15.792185577784515,-0.20334773851659205,0.282868203897227,0.7729715749743391,16.331019235870965,0.11025269596008369,0.17885978557180532,0.7435472641417193,17.13348211565372,0.11204287378132406,0.05142299833075197,0.4957393441299329,18.411086849368242,0.044330688282085355,0.008919893882030823,0.009071728376279566,0.05956828253478673,0.06031485092527277,0.08083692583085557,0.08144372597583546
2025-12-30,0.6204379562043796,-1.0,11.827743504053695,0.6204379562043796,-0.0077354976412849896,0.7899859972538303,15.810986216789424,-0.1924590923124421,0.05902608780297868,0.8120315389856907,15.92188622256237,-0.1144577254350501,0.18883005097082564,0.7686598837785843,17.04277117203288,0.11108715983881566,0.05613814422849658,0.48402238936890307,18.357974122528113,0.04695355780782062,-0.003949585671448406,-0.003618821802131596,0.03463241762001382,0.0337409929309059,0.10579890592174535,0.10668414258833452
2025-12-31,-0.20563035495716034,1.0,12.697106701938823,-0.20563035495716034,-0.02791692463556031,0.6314515675128047,14.390268831865061,0.15253720950474367,-0.016153595834689227,0.7989196225187114,15.85445570315273,-0.19286168580942048,0.0860648302859598,0.7215734950112187,16.857506043727437,0.009690349652633212,0.05092342757539234,0.47711233897798655,18.308773265851798,0.04167010405045279,0.02457948309088083,0.025650079060129335,0.0375748303237748,0.03697169130491671,0.08444351220618579,0.08398565607309283
2026-01-02,0.02661207778915046,-0.42272262026612073,14.667711094854335,0.2694656265521372,0.028555152033041372,-0.2853378907640818,14.84819705256543,0.2418885887044899,-0.006153201759197391,0.5132488306922103,16.12082203100434,-0.0807478939798644,0.15695037318991334,0.6420561659809012,16.784246744215885,0.09209361744764703,0.0855474437672061,0.3570144394563801,18.16821005031138,0.07097387338272096,0.04889119051597337,0.04828524115946212,0.0052518107127910415,0.0043095071593308755,0.06299031346616665,0.0627701740808292
2026-01-05,-0.2632512315270936,0.19522167487684738,15.216693777883304,-0.21087658415515387,-0.15948660051102265,0.01904450650662537,15.722323563374138,-0.012646945461553287,-0.12907168612112693,0.11285216647314056,15.917386188078055,0.0304378297350439,0.0652887509405568,0.5343491346877351,16.872526106963004,0.028003547753217062,0.08644316594099279,0.6648374416205061,17.982842195322068,0.07119685514790901,-0.018872699282649855,-0.01907337586846673,-0.03013567727569378,-0.03019312234746415,-0.04976646573008468,-0.05182506786458614
2026-01-06,-0.5753700414446418,-0.09366489046773241,13.646501199361914,0.2607334884840703,-0.20585435835184088,-0.03830714689694181,15.796415608389646,0.11169145648700206,-0.19116827216035057,-0.011396196081990384,15.858430869605456,0.10937361536206791,0.10083640346510007,0.4717713830528727,16.81553366272134,0.10982570921516172,0.09482042653970768,0.6458921776643447,17.959183203143613,0.10020704614401872,-0.016015971032742084,-0.017502129618087288,0.021268643296068736,0.021128875050562816,-0.025206559593079967,-0.025880162062117996
2026-01-07,0.5844561942122918,-0.23059866962305986,15.073346636448898,0.6450908031465475,0.05952055851726963,-0.011600156726784827,15.946393626794642,0.2228798432446216,0.04475432444857084,-0.06869540918883354,16.221906055814937,0.223920607773018,0.05082771083713488,0.3061002573489435,16.77625280836203,0.0957119118739115,0.16517927559125417,0.5704998477431729,17.867778849807593,0.16974539527018737,-0.0010071729676875048,-0.0003881234281207564,0.07116648830173149,0.07294314965742882,-0.018350604536417018,-0.017024185736400552
2026-01-08,0.27280459281309805,1.0,13.06112819423324,0.27280459281309805,0.3514464263543434,-0.0869097380292182,15.390895390001416,0.40757514141003365,0.061580080801608914,-0.0550483207859469,16.234758147934553,0.2326125819358134,0.030016014883799597,0.2917087299615748,16.755724889016175,0.07834013863830595,0.16545220887829004,0.5505885692278694,17.76513564033755,0.17036015672096277,-0.007743536520103011,-0.007012105085456345,0.04686868188241084,0.04701396476817611,-0.016321046866009176,-0.016044171198960663
2026-01-09,0.003957688709793481,-0.04482981938547892,14.14459917405418,0.06308379585758765,0.4071925322622634,-0.07497489679794711,15.497790112523136,0.47449105744663317,0.06176633632553028,0.030178072999231587,16.14593462562932,0.21026237544436466,0.028232953874030017,0.26868082089258283,16.82660428786876,0.07761221022987838,0.13953747910422576,0.4825005002249174,17.620166569436,0.15359205351054,0.013503702527488714,0.013782611652666893,0.05773850275337559,0.05846066692149824,-0.02943649031986216,-0.029959586219460255
2026-01-12,-0.7777327525073447,-0.7777327525073447,13.80252764347405,-0.2761173184357542,-0.222647606336272,-0.12633908187278287,14.861811841570503,-0.051454271089149926,0.12985824063028822,-0.17338474769051515,15.79089642675301,0.2991914924612135,-0.007783820309403609,-0.02122682884041871,16.54928704861082,0.1841607505916075,0.11072020729288203,0.4576660873250302,17.62016211605501,0.13642762029730418,0.0325316212891126,0.032248621529560165,-0.019630788454390816,-0.021631945517121925,-0.023276442065602695,-0.024196302381490974
2026-01-13,-0.013907734056987787,-0.649932157394844,14.791277393536829,0.03205958549222798,-0.15886679920477137,-0.5078330019880716,15.43093074088306,-0.037460886685652006,0.15360220001995986,-0.3210543240815693,16.014744337723027,0.2502700020432587,-0.0053373338433585155,-0.178301616142297,16.632785857595035,0.16741891003543427,0.10934801929262147,0.39566264947192775,17.607296268504165,0.13660836270183832,0.03388187397292051,0.03431214498877884,-0.0464752028891488,-0.047009037112680806,-0.05914817763692349,-0.058817873412907826
2026-01-14,-0.06135829853862213,0.12454331941544883,14.935754192959044,-0.045575863069335656,-0.14803382096362905,-0.3146930315095662,15.718498443000442,-0.0605103026820924,-0.1002696739396911,-0.1987298474182514,15.96329987977103,-0.025182439958775334,-0.018433554766579516,-0.12535224163012848,16.794086550556788,0.13924041673744408,0.09801806540183595,0.3769509007071492,17.619286686197995,0.12503924082378545,-0.025304979387007917,-0.026317308317373417,-0.08951709283814847,-0.08996733539382938,-0.15019267173909992,-0.15246859364427337
2026-01-15,-1.0,0.7646164084038407,13.866109561387622,-1.0,-0.18859202150442347,-0.07950433485459407,15.728115184579737,-0.15387257663401163,-0.22291336430718775,-0.14958185296529103,16.02899128519498,-0.13959263803680982,-0.06608322827190714,-0.09746920514694701,16.830305037711558,0.10178140752931922,0.011025382331806667,0.31762149816485574,17.53714518107496,0.05959653187188793,0.003126284350861749,0.004434597067865775,-0.06318972874842003,-0.06305813596713679,-0.12826756534069428,-0.12846488400324388
2026-01-16,0.11883489834989516,0.41909016318716374,14.601146213789333,-0.041248388734815046,-0.15516613059116188,0.33360797300080813,15.657852393930694,-0.18623034424139395,-0.17925760681699426,-0.03884802443828128,16.113244000713646,-0.14382176003975083,-0.0567760046259001,-0.003770899332308675,16.822870022981235,0.06834968581192813,0.048023737317763694,0.31290741841556424,17.49689199708901,0.07927155967883487,-0.0638655886802778,-0.06631000078595327,-0.08717499307323766,-0.08842025314095857,-0.20358272950537354,-0.20424146820283995
2026-01-20,0.2357197258187357,0.9409748667174409,14.557829258539694,0.12821393148699167,-0.05536332179930796,0.6921350416160106,15.49195288621708,-0.13177399172201368,-0.04708412785916333,0.21308956829005998,16.219324733989296,-0.07138270891521398,0.022719935210974734,0.06062479821830191,16.72102820231716,0.12288553034526474,0.04561353812846654,0.31539479042052476,17.492790522359797,0.0754728154968861,0.0056872068543546645,0.0068715299340012135,-0.003645653611211903,-0.002564356864368972,-0.1598924298598982,-0.1589560078377428
2026-01-21,-0.09484054689849125,-0.39165502237472805,15.547820932922571,-0.1075774104220861,0.022084175185710122,0.06854437441572925,16.112912340785847,-0.0368491921005386,-0.07253764449942414,0.1328043907918497,16.45925694816009,-0.1035558766920947,0.015807554182785403,-0.044502878629694265,16.954646006118995,0.03676022317742297,0.055369597798466064,0.1957081207044724,17.580654074269823,0.07608296655321727,-0.00916001597607911,-0.008646153292369705,-0.01267297474777466,-0.011808836300227023,-0.20593099728198888,-0.2066014195156421
2026-01-22,0.16946251283806915,-0.31416181672943055,13.683464918204994,0.4479260886419434,0.012455392315891921,-0.05941511794966858,15.970847874511476,0.03835026708927002,-0.05756746516229529,0.10195764745505831,16.290072299897172,-0.05597647692453256,-0.07546080695026024,-0.024038273392556597,16.83312178215464,-0.043305804948255776,-0.014111539012997205,0.13633859644268487,17.498238656222906,0.03490753213565076,0.0010223847027205288,0.0005918911093191449,-0.06067557890095147,-0.06250125825044407,-0.33910792982100113,-0.3390411541489832
2026-01-23,-0.4015748031496063,0.053149606299212504,13.138238695062618,-0.37433095450490633,-0.08407217959647627,-0.34990053992611536,15.766834738949477,-0.033725648867679786,0.014489172828830102,0.03826129926054045,16.243194174177457,-0.0038941153953741736,-0.0915474045536887,-0.04563942558874223,16.834964289764045,-0.06204752630184123,-0.03317258883248731,0.11635532994923858,17.489276399648872,0.015678130791285588,-0.020858979973956047,-0.02092752010595599,-0.0650778365922743,-0.06540674803610706,-0.24524319641418513,-0.24507862818046547
2026-01-26,0.2745430227374053,0.48075494129885565,15.02879021883145,0.2973274224192527,0.1828251347708895,0.2883254716981132,15.373402723094637,0.23956133352106507,0.06615853414698519,0.09051210480433158,16.341503247409545,0.08191290408763024,-0.04260540015764933,0.033182067165741014,16.92701945567662,-0.015033038388549741,-0.008963041775304282,0.1450244946158612,17.571218900508505,0.03511320411702187,0.01966375078174802,0.019545895490636362,-0.1164077364321359,-0.11582121506188141,-0.21347185484321896,-0.21337271070922015
2026-01-27,0.6419325900294759,0.3494809688581315,13.567435021662407,0.5035077169773502,0.2623366574965612,0.4120529573590097,15.352979961805605,0.22943804453877886,0.07448045212290302,-0.051185749543942505,16.229887530984787,0.10433460189985316,0.01401917467109551,0.08025404416556925,16.91776721461954,0.019501704897706137,0.005103748771221339,0.038757671564069174,17.443551331415314,0.09884682716862342,-0.0033401142822079934,-0.0023729495018566665,-0.15624677624868635,-0.1563916509733737,-0.2621138571231215,-0.2617521666312
2026-01-28,-0.09691600162315704,0.038549979710537086,14.206606928420342,-0.12938257993384786,0.22785147775367215,0.3462673827221965,15.542447198976664,0.21324693385409732,0.17492187165546472,0.24243332334432122,15.762520245163051,0.19546061995458447,0.009751583742615132,0.16925997105369306,16.863526932394915,0.0072254335260115606,0.003073691895452153,0.015439879168463122,17.447944017936486,0.08749076127124908,-0.057162620129255944,-0.05933857524258681,-0.19325802253421415,-0.19479258321541512,-0.27631590390828253,-0.276982570990758
2026-01-29,0.11358569212873207,0.44668476153547876,15.23291615645118,-0.03593425051991681,0.12940660579769156,0.3402972452351496,15.66950918807609,0.01126385582264547,0.15071457817465733,0.3721460742069449,16.1435490472501,0.0731616746596718,0.03895763588638448,0.22717230723356963,16.912639044702384,0.005943947326549632,0.011961018421260418,0.06134597945643039,17.548265763134086,0.07486158428812424,-0.0033798729886022967,-0.0023135986763438404,-0.27843235092004975,-0.2765398958985391,-0.2513714990008987,-0.25056440949527853
2026-01-30,-0.21603062028593945,0.8862246238132763,14.795677466674434,-0.20379634071129993,-0.03026638774350355,0.5153508506753406,15.928133095948777,-0.11673680166537118,0.09458947860197991,0.49554963067975866,16.33439189286475,0.02289626967406122,0.05636430246807005,0.27732415895701834,16.98297943988191,0.010651827229111854,-0.00019486905252853926,0.10420509288002866,17.602700255370227,0.055642335530182115,-0.07218887981381761,-0.07134198713173032,-0.1801653598219108,-0.17967188014435842,-0.19771564271929612,-0.19772704321041262
2026-02-02,0.21739130434782608,-0.07298359428607071,14.980597305133363,0.23845139844108207,0.05901475368842211,0.39718929732433117,16.117845719728113,-0.018634940124181126,0.07731470904996574,0.35088606768708597,16.321558889095673,0.0017793253869554404,0.07168099775037662,0.21940088127077462,17.024727929778837,0.04092052420551936,0.013913089861669215,0.11903915223498451,17.622030837623214,0.05404425902042122,-0.020175289034802403,-0.02102454042085609,-0.09706411841108319,-0.0975514956473387,-0.14042952732348232,-0.1413801664165939
2026-02-03,-0.16500865051903113,0.24610726643598624,15.123627408348824,-0.13722296150139954,-0.05110602593440122,0.3174508636092912,16.07417521539011,-0.05383564669027736,-0.01078726614959836,0.3254169604554771,16.535179729968473,-0.05633137089108183,0.025388779919645194,0.16563788740463092,17.087286224032336,0.009882893424680373,0.024296033410406696,0.1226407485078238,17.613979595111115,0.06040332616908425,-0.04035136056773592,-0.040773881743898024,-0.10586708087443528,-0.10536051565782628,-0.14252902774264786,-0.14274560385008142
2026-02-04,-0.19142088577192815,0.0699394754539342,14.54874394241693,-0.2417498081350729,-0.034704913654975966,0.09146341463414642,16.01131201202966,-0.03530642489756778,-0.02654878473872675,0.31859175460278233,16.574158875206955,-0.0729040837249906,0.03541178432560058,0.2951698835259937,16.941665691407295,0.012543891512289624,0.025546052875402497,0.12423125303847171,17.641324068445794,0.02399171152306236,-0.14233694851509143,-0.14108588792571075,-0.08305788137406837,-0.08218998777534293,-0.057051046149211034,-0.08795218287014006
2026-02-05,-0.20742048184001746,-0.3072518620957372,16.618070679354624,-0.17368223587319898,-0.1988790989680166,-0.18006269141989784,16.91865229165498,-0.17407116417330168,-0.15307279246878877,-0.06687894693822427,17.152663554161492,-0.13385565591820564,-0.0719150343649324,0.05040797776892281,17.46348210240902,-0.07590796300473719,-0.07314693800550995,0.024543203414056247,17.890317174858833,-0.06480684692148152,0.09488711810953643,0.09455441707783667,0.027060851919151096,0.02597548640326052,0.0627832717399539,0.06228529200157528
2026-02-06,0.29585788540073166,0.7659543620601197,16.159419919317948,0.3556599984154117,-0.02534620049140927,0.1056449218069686,17.18247874807577,0.038165219989754265,-0.018057745259423646,0.10416507467886515,17.396133640808358,0.03661535891862505,0.01088997054248903,0.20474180003439835,17.693161556242327,0.032825460479294265,-0.01960728731656005,0.13019927301509182,18.04657911934808,0.005385082471938047,0.010912361597010131,0.010778397365289372,-0.017550282897385246,-0.01805516306605423,-0.08174431198589507,-0.08216609622088462
2026-02-09,0.25017428167687233,0.45364107395195474,15.484631660972154,0.22932839277443262,0.030776473661588692,0.16528327876296012,17.287979989589513,0.08433973299404698,-0.00045790217326282395,0.1679281412295679,17.45302303076532,0.04421564778255743,0.018510136955564117,0.21254993100096176,17.732592744128354,0.03310111784240886,-0.00036445533004332824,0.1571549290269354,18.10196885451384,0.018432185446249583,-0.02897825149815454,-0.028833560431343653,-0.0433654089123992,-0.0438286707692551,-0.0925656641053927,-0.09349183897477031
2026-02-10,-0.5232575873112704,0.957297544608815,14.492071443282255,-0.4268340355296877,0.19110565315772346,0.693555205467477,16.68887743787791,0.2417321345315479,-0.012030823354432315,0.2027706859424263,17.40636640425551,0.037245139342707255,-0.011663964737131997,0.23895224840693796,17.75593441391317,0.008118030100372228,-0.003909687453397578,0.19103793931261914,18.11535730699251,0.011495678478829515,-0.017542161067369014,-0.01760335386141467,-0.0366619468682126,-0.03738508819225508,0.0067709298826249195,0.00664964087084329
2026-02-11,0.13071444980473237,0.29098705873344044,14.77555057964608,-0.021149952227342006,0.06472527917138696,0.510883638129147,16.106670734437902,0.017493344566491417,0.00825112605349968,0.21654783426455793,17.420875242099708,0.04913990288647674,-0.0021930969572769785,0.2471734719930434,17.77772465057272,0.010650794906419106,0.0012247732935142495,0.2248791768430689,18.114795324673377,0.009676238122070751,-0.03221821522187203,-0.03292041374710733,0.02600683522485742,-0.005762195094797104,-0.00141604831955084,-0.000783801477096369
2026-02-12,0.13852252686794386,-0.18716367966477243,15.707763869784232,0.06508133614801938,0.02060963864017408,0.12497770484785797,16.2326023029044,-0.03893513068235932,0.1723033846883146,0.4376637532258858,17.10921923505429,0.17373493860417197,0.00608191509094551,0.17991338616256614,17.824324464569383,0.020895362216118714,0.015505907022991499,0.1934603953266092,18.16211465726678,0.016601924576209806,0.050275983293000134,0.050523767608521924,0.03572241982080278,0.03630980559831484,0.00357448306941934,0.0037715561948828613
2026-02-13,-0.04889867841409692,0.7582699239086905,15.423747950062124,-0.0388743407221628,0.07136185841391564,0.2320980891988118,16.47157255661958,0.014911400780609279,0.06110705703542229,0.35305628244874443,16.8842470268773,0.020686545773224287,0.011609371990701578,0.19743739305001862,17.865739513230125,0.030803094751134342,0.024704939688002518,0.22081275169530934,18.21190719777195,0.02458309455911734,-0.014902764418003853,-0.014995110337911448,-0.06419402908850984,-0.06411093315483042,0.005582242300869384,0.005757068290067724
2026-02-17,0.7518329260164408,0.08531437458342594,13.710373350704605,0.1109701706289128,0.10788202897393942,0.20927485333439755,16.343516686834583,0.03671597726059236,0.038796076551667696,0.3077615534797806,16.65502173485649,-0.021750291586227672,0.0117286217798264,0.21133987382795394,17.824743755212,0.022734657072492493,0.030315185011515595,0.21383896451654816,18.1958395023772,0.028530543536194847,-0.022274789453967922,-0.022389977854343636,-0.04920025519299345,-0.04966316820551518,0.007795442972865816,0.008042591023029908
2026-02-18,0.37585429314830876,0.9727320034692108,14.874168878046367,0.321632929305359,0.17273006938826665,0.7596818849909419,15.987611154684311,0.09947738169126841,0.15404931531171628,0.3432208091972391,16.707148236466946,0.07018343751804673,0.043105388919177,0.2493981025126797,17.80981192397675,0.04864046622787767,0.03731494478727953,0.222022161322597,18.20557976428134,0.035673098419081666,0.04512662102570093,0.014019539236043195,0.04343287675083747,0.044034729063098466,0.09921466887537933,0.09883956679286482
2026-02-19,-0.28711716091395234,0.5655809431210501,14.536759654779848,-0.32507939430202054,0.20028426117780024,0.692518451290306,15.580190154863578,0.0775879601382957,0.10558735974353103,0.3772154797343714,16.675881250835126,0.043279232340648836,0.03958493045153945,0.268268846937769,17.80935499588891,0.04718897247082482,0.03835078369759081,0.2762244339173028,18.159956034679396,0.03642294138475983,-0.02250263062592656,0.009151586946004656,-0.02742288354440819,0.004978393617700803,0.027720876380150365,0.059155659180915456
2026-02-20,0.7540983606557377,-0.3990509059534081,13.046779547477332,0.657562168772931,0.15591049582646999,0.7000240602617016,15.502483605970012,0.11190584893217674,0.11285882467492232,0.6767900294760696,16.240074405595948,0.052407767553917156,0.15474154364267542,0.5083093707961939,17.459390031081295,0.13796951430219562,0.04118138123535466,0.2788902336336716,18.154585327386016,0.03281072318182946,-0.04964046561631242,-0.04989697114462316,-0.03214793675138342,-0.032538249403431994,0.005228727616903137,0.00467411913037449
2026-02-23,-0.3012685975467562,-0.21454223217200685,15.271377855634176,-0.2395935081523781,-0.22513511925743157,0.008577135471742547,15.733726598013636,-0.20774017453580237,0.021460605202284853,0.2774961053675118,16.175562445021978,-0.025033987749791688,0.04802810672082028,0.3281297693280425,17.284559747013954,0.004213590963315416,0.025717275814472546,0.2540041291621169,18.202733667544972,0.02155396779054344,9.100947751252137e-05,-0.0005473453885962383,0.06977627138937925,0.06986800144489803,0.06808071642026334,0.06820825002653377
2026-02-24,0.2651856994099271,-0.10864283234987848,14.968958509417941,0.25312890205302435,-0.012864699718466335,-0.1829716320115139,15.885015519946394,-0.008770887566294731,0.030395633106279744,0.19579484308419648,16.369663458247164,0.017573495354603164,0.03519110511949492,0.25971209097764936,17.215634063227515,-0.00572198423384411,0.024741540595670738,0.2301680004358937,18.200300870160877,0.018517670683225147,0.07035834248986297,0.0713079194142699,0.05699569816585926,0.05770575922854498,0.08324495975173153,0.08346920433596902
2026-02-25,0.1243374229785663,0.3301370246345854,15.625568255473706,0.09263546900263497,0.02272249045352632,0.0555052701192702,16.42323200726968,0.011869562540321914,0.004183122575666311,0.10762218871768314,16.59362772017926,-0.011569641766587943,0.08336487939155063,0.2321006473506193,17.345145128801732,0.03397364472953834,0.026226209499174407,0.23622035831396748,18.26463375560141,0.018341118898559723,-0.02572913926954474,-0.025036796209354353,0.055781792124541894,0.054804837729766506,0.021654513246573994,0.021186164426591974
2026-02-26,-0.23102171351624307,-0.235650563878135,15.086562684108234,-0.23102171351624307,0.06046954419942732,0.06486052900934469,16.368426262116493,0.04743397065626565,-0.00941101307723857,-0.015452056139759862,16.683199210634804,-0.016859701781194822,0.04787778589271099,0.18016333365170079,17.37269407682789,0.014868985421966643,0.017840478100011024,0.22036242813582763,18.288724099332523,0.01230865749511767,-0.02722768383290176,-0.028365056075128115,0.055143759924558534,0.054177265563214734,0.04103945848156404,0.04322370820017699
2026-02-27,-0.33643878756068757,1.0,14.236980896295817,-0.4580430821991212,-0.05147496798769313,0.24122301164532756,16.23138862134184,-0.09350699242309367,-0.05510020716733258,0.077038579669644,16.741726608821242,-0.07320045070342233,0.008245955767336659,0.30323631755267444,17.215180106416774,-0.02268678604491797,0.006844207946643773,0.223354431688207,18.25858171451951,0.005930294025954495,0.052283742524450255,0.052509279703706876,0.0373766643682865,0.037212368533806675,0.0818376427343264,0.08204702692787076
2026-03-02,0.0035854955225462317,0.8228800536941201,15.549234935064597,0.05004378211376741,-0.12241291102739407,0.4970094414213293,16.190462916103147,-0.11977184656245918,0.014188484213419813,0.3502776454927332,16.812761677487536,0.0037143478392644854,0.016703764844890907,0.32510397216057707,17.237225997215823,-0.007556560005861872,0.013381444656949302,0.24184591467573724,18.293216611083686,0.01761050826695633,-0.012689563746007418,-0.012709587604949356,-0.0016955549691158947,-0.0016597514183643968,0.06764336982919514,0.06769083783308825
2026-03-03,-0.0980580496972228,0.3435790352892045,14.688685416388434,-0.12214454109421999,-0.07591541063003632,0.7312638303202372,16.075230007108598,-0.08212658130281046,-0.04107848238341084,0.4249733288138291,16.773322872018028,-0.05404358752279024,-0.012457856547719113,0.33320259972233957,17.284871133692903,-0.02392802176633408,0.0028227441808088023,0.2562118269085316,18.283953381079883,0.006514457783594886,0.06914443644854566,0.0684069979154913,0.02624926158587224,0.025763445107423903,0.08830122394783402,0.08823801454296248
2026-03-04,-0.08268983616382389,0.5642264354788851,15.61061442844272,-0.057491342620114155,-0.050602860879837806,0.6307267982869644,16.46000309006947,-0.025269500787466884,-0.10689227329323997,0.49895380138657264,16.76860147462821,-0.09973766204885703,-0.056201036835804186,0.32036264574954454,17.3780838544651,-0.05906854757860868,0.0040070828677727655,0.27733781949654146,18.310214974188977,0.008405105422125532,-0.02636717146952815,-0.025664368375905997,-0.034127278877967945,-0.033618673303174404,-0.028737616646546598,-0.028888177739582164
2026-03-05,-0.36035600938319307,0.4192769421829723,14.879807761187536,-0.3124979197869862,-0.1570881571488816,0.48038604490127157,16.2414984218368,-0.133234642885123,-0.12269118954183075,0.6280183373434853,16.733243451494847,-0.10824373991734164,-0.06746806078680287,0.3143319581517945,17.401681504513974,-0.06374348009129771,-0.0031795389878187374,0.28666968272019244,18.31929784042972,0.005068740920273954,-0.04499477938917378,-0.04532995310453625,-0.014104301442994502,-0.010953557363037715,-0.013645164027216203,-0.014212930939271307
2026-03-06,-0.8230074217489513,0.6460148434979025,13.337153737758168,-0.8205683635050802,-0.2151761996054179,0.525490845240006,16.07086776579528,-0.24952978018896702,-0.12884421786109712,0.5964284875974566,16.68311964528888,-0.14428740401978551,-0.09089204347878138,0.32912574432859865,17.40599956561976,-0.10849997215744056,0.03520259445827902,0.42110866396291113,18.1261982408987,0.023267300847997073,0.01321152318704791,0.013637159751536055,0.04446097836603997,0.04483465839406413,0.029676346296787295,0.029860582748814098
2026-03-09,-0.6968295904887715,0.22457067371202122,13.313976632358967,-0.5814828754234098,-0.4792929537849765,0.4247611658018524,15.232382862019541,-0.5214528351188921,-0.21607340543540096,0.4762177781141559,16.3443383948102,-0.24626629431997848,-0.07445992375986661,0.3987632732006481,17.29887758376609,-0.09962783892474487,-0.013654341949314329,0.3636993466974876,17.984891455325414,-0.0464423562612905,0.015255252808980662,0.014713608920838877,0.06933892479831107,0.06935058925145271,0.023670451727621614,0.023239237292047063
2026-03-10,0.32461063328130707,0.2306312888121409,14.917882769255966,0.24954576780903454,0.010715887365166285,0.2905327259423609,15.259295458319922,-0.2121891973954995,-0.11379192996077184,0.4441454167157268,16.39235808145063,-0.1648187030037494,-0.07059245022383792,0.43275516841328465,17.29402073987572,-0.10241653802531737,-0.019772617147145753,0.34962296244975777,17.948742428407435,-0.05399956295986578,0.008767895984705516,0.009024879504893045,0.062051962361961775,0.06247456943553853,-0.010637963163144115,-0.010887561656894914
2026-03-11,-0.876309963099631,0.8388191881918818,14.119312750303045,-0.5819945920152696,-0.12709426979625496,0.3956435165630845,15.419312819910077,-0.13013582053987813,-0.2575348919380484,0.4219892821388611,15.95445856714718,-0.3045162125189485,-0.1531408160785091,0.4753250508152074,17.135338797071423,-0.17004043302754832,-0.022528175113553175,0.3410019360145429,17.938881402023316,-0.05592180911530191,-0.006344194034554673,-0.002999252435769419,0.005389662231421371,0.004730495563592199,0.002561860238786258,0.0024925237231377853
2026-03-12,-0.14903225806451612,-0.27587096774193554,13.560619598657233,-0.14903225806451612,-0.06329138544726041,0.31457024487969965,15.452816718244165,-0.07117352604513694,-0.19751205491070728,0.33827571583394844,15.666591997004366,-0.2876951556005728,-0.1418483528451843,0.5538325244845381,17.02901196649502,-0.16190579706184124,-0.030842496394728424,0.335204406959565,17.908692761575935,-0.05853110094644602,0.013570500419860767,0.010458262652565685,0.000459137415778321,-0.0032593735762334983,-0.025338086947549583,-0.028693094471419486
2026-03-13,-0.5242602056912108,0.799734999053568,14.276032502774953,0.05510399234998805,-0.5743896201782013,0.5895986433013001,15.127862587057514,-0.17125260091552227,-0.21526773779972175,0.41201342098802485,15.807731746274984,-0.0695922695262484,-0.15426434924255314,0.5421856700720782,17.03145007610019,-0.11956485859563096,-0.06556561811361031,0.41176622146379604,17.82067592244307,-0.0680732079135108,0.0380894696193189,0.03815309060892442,-0.01478463206925263,-0.014974075645250044,-0.07578759014879499,-0.07641623044436317
2026-03-16,0.3928005680887092,-0.27453979352160374,15.113356419018587,0.3258426966292135,0.08167671433079235,0.008054739009848433,15.610813906892773,0.1697500612594952,0.027138126227425008,0.18094651315029453,16.1561234413236,0.08190146748940734,-0.10587798807828477,0.34243489350420875,16.947799642944474,-0.09214096014915649,-0.035778914952628374,0.3325241074889065,17.79609458964764,-0.04535389431491717,0.007968290372631465,0.007837589104924846,-0.04566847307068959,-0.04611135195940569,-0.10667026106636272,-0.10711057576561148
2026-03-17,0.048854041013269,0.11158021712907118,12.711687717920274,-0.03816371681415929,0.11178041915416197,0.053658186772799876,15.534323098715188,0.19193144568051002,-0.08814333346307035,0.15855161587462208,15.85775646463526,0.02632160388868075,-0.10431620314502375,0.3386344256061746,16.85351177869743,-0.08856402439596921,-0.04863183629321556,0.33534166238546703,17.785419360402855,-0.05157361740070214,-0.047894404145834936,-0.04871919436705322,-0.07268992552510592,-0.0733621310924335,-0.09521142619384856,-0.09549945723828802
2026-03-18,0.4760410724472333,0.2498573873359955,13.46054985815484,0.5186058700209644,0.3809381790294406,-0.16893187337565507,15.3618384750984,0.32884190962945753,0.11933485490707532,0.036957230546774245,15.769119707793012,0.19032390059008486,-0.08651235798926958,0.24726271502644015,16.5592239337284,-0.07594898933630431,-0.0654764742777912,0.2979936493272879,17.743375396304046,-0.06486826632449397,-0.01127471885019768,-0.010989121575595093,-0.0028278019926350653,-0.002237971840454497,-0.04181748630632385,-0.041070410867328065
2026-03-19,-0.9405182796534441,1.0,14.760933204860084,-0.803118851984724,-0.5741536584689605,0.7724789974214656,15.098304062077693,-0.5225486772024797,-0.16531119394555518,0.34433525358635486,15.99626705554924,-0.07460603933757791,-0.17878144772893026,0.34180042970623603,16.538101265001163,-0.16363857472941748,-0.10048270595641869,0.32247888339262887,17.753499491801286,-0.09808318737182976,-0.0016732690651703375,-0.0012564394164509358,-0.02579722436332799,-0.025433720895186043,-0.04803269604833582,-0.047572924392339296
2026-03-20,-0.37479013302337594,1.0,13.559715965863068,-0.5372777671573313,-0.5870499333234553,0.8701042129698227,15.214079526909687,-0.5587375137680884,-0.1147418680990749,0.3177161046453796,15.900238228414333,-0.16956971452213487,-0.1626816354672113,0.36268553810929993,16.548201402826823,-0.11874516903299297,-0.11227095309615129,0.3391198364823862,17.75953596014783,-0.11183789070984546,0.007205628617881964,0.007015814294768778,-0.061002958079542265,-0.061442154799113066,-0.005840332940527029,-0.006305986339932203
2026-03-23,-0.3205809422600071,-0.5869642224583775,13.243874565965385,0.10624814338053272,-0.7391126558985892,0.7710079738294828,15.17976404377871,-0.5860680272108844,-0.5139922355224846,0.6529035910708509,15.414009052559903,-0.4291956066472813,-0.14739910781832885,0.33317246236923803,16.545531035313235,-0.08875820018513302,-0.09780721207318264,0.37776814430041683,17.684676144634313,-0.09577262574084833,-0.019053162081784925,-0.019413190028102954,-0.06100178799567312,-0.060999223806205885,-0.023577788017256213,-0.024006206523048086
2026-03-24,-0.21951219512195122,1.0,11.784485777414298,-0.21951219512195122,-0.3401129174886062,0.39051765186041765,14.200841663877661,-0.2210945000685777,-0.5451825002107392,0.7003287532664588,15.372644349508336,-0.4469712341381948,-0.26229613509889105,0.3649934554448291,16.33748022616586,-0.15399664617104528,-0.12380390392421196,0.4139464571742226,17.619157371818112,-0.11886588594207606,0.021967719386635817,0.022404964884925757,-0.02252150066874267,-0.02213732614585448,0.02832438900752669,0.02860922848920991
2026-03-25,-0.36019862490450727,0.0022918258212376585,13.16848522287091,-0.36019862490450727,-0.32671805806134163,-0.16319501394128255,14.013870312530964,-0.06613804289061093,-0.6807513792801472,0.6894649268762589,15.334498679742962,-0.559093930893584,-0.19511775385700886,0.2934080212017174,16.26838468421689,-0.10874784037892857,-0.16556130807263503,0.42149789882445843,17.486157301817148,-0.14987270158478047,-0.03424414122089063,-0.03418487063032672,-0.038989684313688745,-0.03883243902687366,0.01755733031515044,0.018254083570116337
2026-03-26,0.08971814591821076,0.11724483596262458,14.81518609877236,-0.06242821473321534,0.007828719479485048,0.13374092098360735,15.031075908326017,-0.10178828527209358,-0.09441533705829575,0.18974362457677074,15.36543198437262,-0.13932335600962498,-0.1406875605965424,0.29064230510260947,16.422937154656992,-0.09747638175148342,-0.14143864530348063,0.4609381948492559,17.46435153865012,-0.13665775911797187,-0.03687900278138466,-0.03726487332037795,-0.02223547168500784,-0.022139203497153277,0.06799776374355614,0.06820258849016239
2026-03-27,-0.23650719805109854,0.9352370099993237,14.196546352149264,-0.18778228040224978,-0.06185153964102178,0.35895271167858844,15.364093609578974,-0.12171630739799594,-0.09273028653493558,0.2756361425160696,15.502020431308603,-0.09084442417155635,-0.10589892224933753,0.3008108756692518,16.41396900804823,-0.13639378760765156,-0.13731930173959936,0.4576189121326655,17.462778591459816,-0.1255590167559173,0.0072067987017510726,0.007458745287676133,0.05516262513901523,0.05513616845918099,0.10596618150715725,0.10618904933433408
2026-03-30,0.6439679903367054,0.6762796315868942,13.40347541436171,0.3535026694709594,0.0669146554824633,0.44090035755150514,15.393147951386286,0.017410567231498413,0.019406187151005637,0.4124730962199574,15.519949329640754,-0.011602569483666067,-0.23317912526529846,0.5263264731233492,16.161528538130113,-0.20244566732936742,-0.14571941028873672,0.3999874199501432,17.32317678086449,-0.1296453327621678,0.019427125245145553,0.01944870763224844,0.03742399997841707,0.03699301728315783,0.11122528674470682,0.11163062628276291
2026-03-31,0.21818431157432802,-0.12369720241360393,13.499704693151585,0.5091524074810982,0.08384445902162961,0.6047349156778328,14.864687474360963,0.23073500860341176,0.04832457337223344,0.3356955319441406,15.623192423702209,0.07611184127993809,-0.2114467022915099,0.49529133335633135,16.198891828548245,-0.13776352143813772,-0.1409493904068182,0.392203128106273,17.271984892034734,-0.10702399565812443,0.005499535741689659,0.005709852003906588,0.050845889676269414,0.05074655463506442,0.10199159770429718,0.10233668769297834
2026-04-01,-0.569877408056042,-0.8907180385288966,13.255146239950099,-0.40960108181203514,0.1325859872611465,-0.07689171974522291,14.489730238192712,0.27313731226838306,0.025685019022744934,0.25012622690763764,15.630937561724135,0.06231944850915715,-0.27555941399445705,0.43747265737541796,16.18680972358448,-0.18262927445903074,-0.16363557628080366,0.3248603418553804,17.08340124556482,-0.12263539278829659,-0.017489928592209634,-0.017491635100606386,0.05654701462883936,0.057086522596989764,0.10063257737647553,0.10061324031161635
2026-04-02,0.22144693352919573,0.1744399559309584,13.207808695430172,-0.10241532856564566,-0.024772333044232438,-0.27309193408499566,14.427881970560966,0.13013652790791058,0.008713643938060374,0.3306805335517222,15.194503327222643,0.11798693490882747,-0.04724707377265003,0.2542041589965811,15.976762359660835,-0.012172600215396071,-0.13100320320338749,0.30998216110001886,16.989460102241225,-0.10515374745976915,0.04051909404263849,0.04001049863595621,0.09023323542856398,0.09034179198731568,0.14544034396007266,0.1460286927127531
2026-04-06,0.02981778023191607,-1.0,12.799954585333216,-0.1111919485873651,-0.13127622141020437,-0.5249695493300852,14.20606573001801,-0.20409491172515506,0.13647928066078835,-0.14571498274840555,14.869579004064741,0.16810177506440344,-0.01320439502397732,0.12944536921737115,15.928132854107885,0.024628105000055866,-0.11039960162574186,0.28110609252253993,16.97862412802641,-0.062460782448872855,-0.010531826458847126,-0.010684405888346982,0.050803556368141906,0.051052880875153306,0.09022654401522821,0.09019036049822117
2026-04-07,0.5796234464848822,-0.08013355592654425,14.5839511862954,0.5796234464848822,0.45093366414207364,-0.14364063724209974,14.934971005601163,0.2907689001128365,0.2784525828482376,-0.23807122885822984,15.288762357119115,0.2591674344584974,0.13402367421918618,0.1246337091239258,16.10416902410797,0.10505508315122884,-0.03724559631080864,0.25154696002341437,17.04215211135691,-0.00915119283976574,0.03284901494299796,0.03320224498415495,0.07380128676628989,0.07463760899960517,0.08343820978653878,0.08361687537937866
2026-04-08,0.7167162611587607,0.12644845090145274,15.558255012745969,0.531976394074431,0.650578259390641,0.022765926429855643,15.92349108593359,0.4910654498842526,0.5510206264977747,-0.024199760356042432,16.050587498159462,0.3984029360504089,0.3525821028370645,0.11786837412094076,16.552698696057643,0.25756832373940997,0.0780991646364908,0.22818553000620367,17.14401533971965,0.07549912665692246,0.011200660694259661,0.012049819965832131,0.05114570802802776,0.05159013305791408,0.10084808802459695,0.10176673274538937
2026-04-09,-0.14262985493682734,0.6013102480112307,13.881767289632338,-0.218000795690924,0.5809082670425939,0.13337584891305565,16.005811332110767,0.42385563515280034,0.5407478135443436,0.09394902841122632,16.10244389884759,0.3597982091236965,0.3428299070363397,0.15396164143524582,16.587373954719112,0.23423122529318638,0.11639585632763781,0.2126577022653089,17.13369216955728,0.09441389098942152,0.016196292207514885,0.01576363428971969,0.0440855627476362,0.04352671771462641,0.07530754135504185,0.07395082044088142
2026-04-10,0.09465742609000789,0.4726437991636694,15.045063678316248,0.07035048764720762,0.41817629298513903,0.2922401286123202,16.13801601642113,0.29947640227870803,0.43448796364722714,0.19231434456516605,16.358670471099785,0.3162824219809306,0.33319161767880423,0.22523316728676246,16.63036223604071,0.25916570957384627,0.120737907422155,0.25455797126789603,17.225165374486494,0.09694642983833153,0.0010894149822163808,0.0007215875237937951,0.05520710853150887,0.05568690072543736,0.05785582300673416,0.05750590986728902
2026-04-13,0.25885558583106266,0.23557096854099568,14.007040421204449,0.17269654031503992,0.08506307792185006,0.4463881529310616,15.555854093705964,0.015140634910870972,0.42961374339472463,0.22800268264461598,16.42327630136316,0.3256293828397975,0.37844628300279837,0.16276919333252216,16.61510634652523,0.2850982115013625,0.16054687999376727,0.22487200728703916,17.212733351404935,0.10327991196519397,0.01246590393930073,0.012900322236104754,0.039422987647086266,0.039137479623068024,0.04658151134784766,0.046279544309939365
2026-04-14,0.42221077263261847,-0.7440158004336532,15.354118412317153,0.11088464446563004,0.28032382736384287,-0.16838376987587333,16.044330804545613,0.10560188542422044,0.4073389585822382,-0.012395459976105139,16.59248969073155,0.23423118649718963,0.3798167741682898,-0.06058589200246656,16.83270099941524,0.23990056633648177,0.17248050680461996,0.13792802818396632,17.24554476609582,0.08236211269544254,0.010193436204736025,0.010154769042463839,0.009636923020248952,0.008979266379773478,0.026749722919263363,0.026699478245868345
2026-04-15,-0.1820070310003196,0.6414189837008628,13.346787708170261,-0.5658921302578019,0.3335334872979215,-0.42786759045419553,15.686543362051413,0.028590248806813587,0.21283414669677325,-0.04736324568431782,16.211877481613673,0.007803806664890102,0.36832034785346085,-0.03671349309408567,16.82762790995501,0.18759478039296892,0.16667900684135434,0.14831628154307452,17.25502757385308,0.0650331198202614,0.004140515413868137,0.003986404622544466,0.04970237999656912,0.05017659968747538,0.006464944046916983,0.004454350349380153
2026-04-16,-0.11595881934753416,0.9284867953342637,15.149959103663925,-0.15261723285043663,0.15551983087053228,0.05087097271466012,16.02178307892673,-0.05321954174535866,0.14946837215407727,0.17236702011288885,16.433825749080885,-0.006615801253910742,0.31298578359998813,0.13959579408506073,16.97494635161147,0.156502180296057,0.12902485826820229,0.23270283774083778,17.349740011777897,0.038054529373264936,0.02731783799138739,0.027923817300530625,0.03122197860740567,0.030424102726254898,0.013399296819647024,0.013713172476856432
2026-04-17,0.04794105554714041,0.8824573172051156,16.039333897512495,0.04213829338695554,-0.008136803670342375,0.8842115276263509,16.43044357954496,-0.043051056962677255,0.11102864016789947,0.4557600266182078,16.787743932418362,0.006509357200976403,0.23858404665279814,0.351870855332302,17.289192959791468,0.1265926520609352,0.17796487203429986,0.33115766458255247,17.527552161424026,0.0931621665133279,-0.014694705902206092,-0.01582783357857578,0.0026487144752253694,0.0018190091418516729,0.011792177973912604,0.011989737566141016
2026-04-20,-0.09274336283185841,0.296283185840708,13.937729075643883,0.3569565757337418,-0.007205109205744328,0.8480505275043224,16.466672967428572,0.041542186188946666,0.08998992515831894,0.46020437535981573,16.783583874926542,0.030207013910010357,0.22953629429096603,0.36479615784102637,17.31271790482686,0.1443703247869967,0.18092173883814394,0.31766160451706615,17.536203527823346,0.1167223632271566,-0.017320160687536595,-0.01725789100718956,0.007158523700761344,0.007142064686871555,0.04762521888839807,0.04851487166941389
2026-04-21,0.5394232907514023,0.8996318351412123,15.21351138030468,0.44158559138055803,0.17485800675464816,0.8413420528859823,16.48410595451595,0.18144668596662897,0.10439198870692126,0.852266576095609,16.75167333099054,0.09277260095475184,0.24383481603262894,0.45427309545222805,17.368392753131307,0.1563301025279136,0.21964917062452327,0.3816707968273183,17.617171650460897,0.14429017384011392,0.05025889318105617,0.05135210235016576,0.017112799899014517,0.017720211866094734,0.08424126090193672,0.08497055995477705
2026-04-22,0.45825013137151865,0.6899106673673148,15.845236638769688,0.4342740718382131,0.4352534580228476,0.7214972124699939,16.36410388179611,0.4244705606288742,0.2156130950537368,0.8095286028432496,17.067031717798244,0.20315073126171487,0.21478398817802505,0.5538725660639778,17.42135619591311,0.14324444105781323,0.2555079772394133,0.4250186264629767,17.771670996566947,0.17950697749460826,-0.01433988597529547,-0.015766092338675958,-0.04323743594965201,-0.04572224933809511,0.032022483670460386,0.031671879721649525
2026-04-23,0.4806144273770173,0.7308963639898891,14.76000033307512,0.4149169422869672,0.485376582856661,0.7569603530420361,16.470905203889565,0.4332678060306463,0.2944942121350068,0.7829469337321975,17.018387114388684,0.2683380645331261,0.24259182895828874,0.5644303394422145,17.46137292781865,0.17278552274211847,0.27210421190641654,0.4435789660313185,17.81011211156447,0.19278413124398353,-0.0012554261407927002,-0.0006812762838727896,-0.017822681787758626,-0.01671093024939859,0.030101233889704575,0.030186752665113864
2026-04-24,-0.5243090578979221,-0.04700423643332663,13.113728201355833,-0.283420365535248,0.41802756760806054,0.6655742003146303,16.183808575963628,0.3815183948247298,0.4126120217200734,0.6989966133335015,16.579077518721878,0.39425808304873766,0.24614458716425838,0.5647353341734527,17.381990741108734,0.1731283987811819,0.27404024910555846,0.45593624453388837,17.768339557784675,0.20207706268017567,-0.01018489667667015,-0.01050477803355596,0.009143463498687186,0.010170728424289274,0.03186206855579425,0.03196874452517225
2026-04-27,-0.864239285525551,0.7685356444538392,15.146451023180768,-0.5438689305139948,-0.3349192912811232,0.695408505794098,15.740022095389108,-0.2514622959097795,0.1824060418456153,0.7377977299861163,16.733870359756164,0.14530840421548172,0.13504963743207613,0.5955517274985316,17.452183168953106,0.08354594603528097,0.20859212584530717,0.46478614348761926,17.811935390132263,0.14657865540167758,-0.007365884489283349,-0.006679743827966248,0.040466695187636646,0.04137280698254249,0.06426688156407838,0.06466764503212721
2026-04-28,0.4163665348054555,-0.4845604298281868,14.342426633302372,0.4391489361702128,-0.47296618680950786,0.3455975895547372,15.602927445150211,-0.318612134496106,0.11750580225901285,0.5691288875135385,16.59789495800995,0.0955653952016983,0.1104457313954784,0.7215614455628283,17.37088436197949,0.09399016432116576,0.20973866549291328,0.4332539005352243,17.830716327469705,0.14845460947153796,-0.01009134266761038,-0.012090358854024229,0.06712846100292208,0.06725034808868242,0.05734481185684559,0.05682453688334582
2026-04-29,0.03216842105263158,0.7894736842105263,13.987361656995843,0.03216842105263158,-0.37915929070779203,0.45386900297038624,15.712500684418915,-0.27531754586773644,-0.1593958697215658,0.5015514229939382,16.09103283415187,-0.12669803140755964,0.11297824118596503,0.7252394369365569,17.38680510991709,0.10997285264907797,0.20585583167838548,0.44808831159536977,17.838949724561928,0.13871530494991896,0.011074868186598062,0.013245226750020723,0.07525991962011229,0.07739412905974477,0.05231536050379291,0.05395641180703423
2026-04-30,0.6552946389011963,0.27210582948287865,14.272872744812192,0.6334425877169416,0.39871332182645536,0.12254825043150785,15.310906154517633,0.4138554592504833,-0.20042556112293225,0.3926144553504016,15.983581032268287,-0.13037382373686113,0.16474931473162072,0.6806199504567456,17.322406428164985,0.15795063774659693,0.2261189872394419,0.4566367731130243,17.85683930802881,0.15735713302067883,0.025710719145653177,0.026200382389815133,0.047923915677463,0.04689768291451243,0.06389638902333829,0.06371581438610778
2026-05-01,0.07707683697129608,0.5645638442472216,14.03921475208893,0.034325410338486684,0.2911575122570369,0.5160399193648739,15.206319960925113,0.28061280967034913,-0.1469714839307527,0.43820816309338273,16.066423442686705,-0.10124836755055523,0.20300796364884213,0.6013126807006748,17.048395830649067,0.1980068558504435,0.22292737119844466,0.46164768782113597,17.869172022269538,0.15752229268618953,0.021138335012279293,0.020697300524697256,0.022718605057107013,0.02179801610088276,0.00911246307004761,0.007839663850175827
2026-05-04,0.25716160069975946,0.80763904074641,14.824854743332185,0.18136619109381755,0.3295960103329506,0.6013203214695753,15.533695425591754,0.2766002801632255,0.30520601731396946,0.4102370026964379,15.95033961998848,0.2762040850634614,0.22091113047670258,0.6350879795301578,17.110105949954843,0.18430195435253466,0.2256591142464694,0.48629762492165307,17.909681788498638,0.1615450321749887,0.019295881326002032,0.01919779727817363,0.023800186376441504,0.023294838049584713,-0.04049540456860452,-0.04206174948309611
2026-05-05,-0.28141798634316434,-0.1945372657271539,15.051418271391485,-0.26665719562437845,-0.022391070467993546,0.3029316837009144,15.821843762304367,-0.036566982737661076,0.08889193798145716,0.35478369955113,16.13823165405116,0.08127117591754918,0.10643035708189022,0.48616321900997317,17.087392447591068,0.09028035115219765,0.1847222426221589,0.46799249935128207,17.93087760772558,0.1297045061286219,-0.0019598840504201276,-0.001946577882961858,-0.009783649146076602,-0.01042581120533668,-0.061288567630945666,-0.061948964230837435
2026-05-06,0.24021526418786693,-0.35743639921722115,14.530419719542403,0.21340125067296145,0.027718031910369048,0.09914573536023719,15.923211635874901,0.01789062840696001,0.12294867042197488,0.17648441667646186,16.218836602842995,0.11145595034315059,-0.009214683858432446,0.32864583583819473,16.850122188339178,-0.007400610640531466,0.13393119083701788,0.4725764985062242,17.869132096462792,0.08998157032775593,-0.01626113575605123,-0.01725121939521166,-0.02294455911631945,-0.02343771725271056,-0.0484507581351063,-0.04880098908188549
2026-05-07,-0.04503290565742965,0.3815298689632276,15.448801901706316,-0.04352174362865124,-0.06676283683128736,0.052195885425505795,16.1769493880365,-0.05757823685825322,0.006431198504181306,0.23805023046840224,16.496580099224573,-0.002305338775311586,-0.07103473980490187,0.2959330994212175,16.965769197909346,-0.05535543132413356,0.12386085156970963,0.46278416877642603,17.93711193832485,0.0869605429119457,0.0005054085252969744,0.0011007155761857147,0.01597247334587521,0.016818131471595367,-0.03203440337457661,-0.03132247112904116
2026-05-08,0.30665380906460943,0.8143123051736898,15.310457734171656,0.2997253994680966,0.14004026222061633,0.41760869939262557,16.268565364333476,0.1284445829114417,0.076640593853704,0.35940614629599477,16.69522017673186,0.06623053881520868,-0.001127977879914303,0.38681218069619683,17.122598741687924,0.0015567834410865533,0.13845412800870213,0.4872474572270258,17.95382895842464,0.10074518878159851,0.022219916331613927,0.02219412247339899,-0.013606141987059511,-0.013958352250706914,-0.05631743060498619,-0.05634337042287868
2026-05-11,0.2450190654847292,0.9495101825627446,15.914276794121141,0.11247687998731702,0.1767714071459582,0.7515322030457998,16.69110144839532,0.11053113276810589,0.1144504637963258,0.5137071838907215,16.960584868331193,0.06873741285824941,0.16536919531521294,0.4860876976986457,17.271101455025406,0.12461514081318482,0.14884057533998735,0.5457616994269288,18.058882713673952,0.1008761297918759,-0.014287954196516111,-0.014522851976747702,-0.06429559094504608,-0.06535658753268075,-0.07680260758399388,-0.07783941258869671
2026-05-12,0.1790520974898419,0.39547622398759574,12.979416368084395,0.20070402255371197,0.26389047590473125,0.8849071842885201,16.38419140628461,0.175768402451783,0.18323584883397806,0.6317572900890647,16.821851361552405,0.12514099203602125,0.15158781694226584,0.5388454217204832,17.230502357648575,0.11084556455571799,0.12957523861430623,0.6366054339597513,17.996301893372827,0.10140195264090815,-0.015120794020663063,-0.014958483930335761,-0.051504918484869024,-0.05152315302550081,-0.07570144015273138,-0.0759571783627828
2026-05-13,-0.6141465480728505,-0.7669066779613158,14.163770898216983,-0.4610935132901804,0.12052659083225141,0.6825136349340537,16.118705464983947,0.02095679324053578,0.1196167201719972,0.6338283986862181,16.790320477562105,0.06060164413459706,0.120819202658087,0.46877547555539345,17.238006179961783,0.07846523008980621,0.11660757723502724,0.6065302832651187,18.00831790107513,0.09590001751816594,0.022655896706143378,0.023004629329094202,-0.025506199018786837,-0.02536327182917493,,-0.08218744095877668
2026-05-14,0.09018909018909019,0.11830511830511825,13.825560883817776,-0.02525954385678084,-0.24520095283415014,-0.2781375749580697,14.866367147219737,-0.18746027732947973,0.17217767488692787,0.6836636242052576,16.55475576245365,0.08754678418502107,0.09171436001178215,0.46733606421519025,17.219238069480056,0.04528434433257548,0.13011389249098704,0.5794741705293576,17.96529928776766,0.10677103386446828,-0.029073206807637572,-0.029675768146116666,-0.04800687672045179,-0.04814060260063648,-0.10346642682316723,-0.10350917531201352
2026-05-15,-0.1653980316590882,0.8437033824447593,15.444358863918199,-0.14475052977727662,-0.21556995170172255,0.44311393718207204,15.833701500694865,-0.2063161769366873,0.028167830629858216,0.6981419739288297,16.595211366752768,-0.028470092670074457,0.053615129047889155,0.5203119696675718,17.339612622413416,0.019236012309986728,0.11751134076224241,0.5549564597798926,17.89771504342197,0.09869797705191301,-0.02846953262637262,-0.029204112808574795,-0.04271128861792669,-0.04238501817217165,-0.10111273055963882,-0.10159943832871109
2026-05-18,-0.6500950066971934,0.380120237983989,14.981875260180521,-0.5632203027350712,-0.30467669392564106,0.6053613930890918,16.047501498104396,-0.29360734604851785,-0.3251583620139612,0.4231580930407386,16.228598830423458,-0.2835344004119791,-0.02831647920700203,0.48430054750539675,17.353270537669065,-0.05540836771445894,0.08122070858968708,0.5505726241827693,17.932208397037297,0.051226421775050594,-0.0014972817363391715,-0.0006894174695677704,-0.012507016638947831,-0.012482825056015947,-0.13422098501057433,-0.13454927125651148
2026-05-19,-0.5207833529001412,-0.07406462150987703,15.586608200890375,-0.5502479364536538,-0.4223296457202829,0.358546650021617,16.467737923532873,-0.4168622716515616,-0.407523305473854,0.247966822653505,16.625653942804004,-0.3971962547184854,-0.08325996498413957,0.4586265781753225,17.421703786304235,-0.11243474843564763,-0.004122684564667597,0.47011464379621093,17.96160121287863,-0.028077709568475138,0.010877925445419245,0.011201397265989996,-0.024196521667862257,-0.024434025337282023,-0.16087272512543838,-0.161843025450414
2026-05-20,-0.3155264518352576,0.6990062611293009,14.369913353262177,-0.3776444021868315,-0.5261208847024057,0.1848732511428175,16.197692197578352,-0.512672235310916,-0.38078477266894023,0.3792142094171327,16.644987518661033,-0.38726797760800385,-0.11243475186171548,0.5157560142791986,17.413439039608424,-0.15083326211005024,-0.07498853972888751,0.44787611873514344,17.864079889035413,-0.09872167943277213,0.00015521900447835606,0.00022729855763283478,,-0.0568241691296017,-0.19979150387408312,-0.19988799561281828
2026-05-21,0.7123527353318558,0.8824215560480579,14.35469095845303,0.7766048154614479,-0.25594676838676494,0.24586404937424988,16.049045742130485,-0.23635577738631175,-0.30150610231256003,0.44306190901145115,16.685741964875366,-0.2765319405546695,-0.08015358433607424,0.5554951356726658,17.31553915572484,-0.1096976727112256,-0.076383505632757,0.44818227364107344,17.84901639524317,-0.08742115581284934,-0.023777618705112653,-0.023920183717651842,-0.055459550102715485,-0.055368572711377066,-0.2528962518784087,-0.25371991655196663
2026-05-22,0.32726870652567247,0.9873748542479193,15.41977531266171,0.23419978738726382,0.27284482247292313,0.9064735399836292,15.947271860784364,0.17216805166070648,-0.16257071580665972,0.48102732727075526,16.6786995790938,-0.17497903784845373,-0.07118023705039841,0.585055652293573,17.330973656020742,-0.10700246870092263,-0.03979024368742287,0.4962239524828578,17.92535108515008,-0.05986971697412441,0.0017347393526061946,0.0006980803075809319,-0.058401441941712026,-0.05921442015653941,-0.1791222291006246,-0.17981074504109343
2026-05-26,-0.5453569068076669,0.006774619960343786,14.006462267629107,-0.6683064927832181,0.2771419890621835,0.8143356289244481,15.882272173081827,0.1759459511186817,-0.09156817508087695,0.46491035869411124,16.557472597355925,-0.14678618169247104,-0.1893290955736081,0.44743642292428354,17.099642109216866,-0.2028063920562799,0.0031869959353216753,0.4684147939583021,17.882189241400916,-0.03665561521355984,-0.013186786765253677,-0.012640617750833825,-0.12171396837162657,-0.12206644620049542,-0.20174799155814577,-0.20162744774923905
2026-05-27,-0.41495758174779673,0.4166872580512313,14.00951444318711,-0.509518667954765,0.06271371997783394,0.7333044994390907,15.816815002224814,-0.09959370447130281,0.10466916032503547,0.7513589209706841,16.20006275195254,-0.021123459881477485,-0.2051152933615602,0.4468971090927898,17.128477638232017,-0.23000996803225254,-0.017673487909220218,0.49521448348448205,17.873937727723405,-0.06064807130511661,,-0.021188746526329696,-0.13667620345757614,-0.1374090001131319,-0.1911185741963008,-0.1906957452533741
2026-05-28,0.2541098286114026,0.27128366561734873,14.865982821077035,0.1712344428837422,-0.08278603198637267,0.24409955521907833,15.480099504131681,-0.25981621916080105,0.20145669587297343,0.6443289927582838,16.298106289636667,0.0960133064410509,-0.13965592394231272,0.48900855753794015,17.179660064150692,-0.18179740469395303,-0.005620010028427984,0.4785969697974122,17.90240575913274,-0.05226243812990766,,0.0016828949758574475,,-0.14306382648321664,,-0.14223130250006868
2026-05-29,-0.38488883143743535,-0.4305842812823164,14.25195805000981,-0.47414338667389927,-0.06633097877337508,0.10947814173620629,15.541895779154519,-0.2020843997042598,0.050402798837770754,0.46886462401206286,16.284025342189583,-0.09955992303646446,-0.1604258357816286,0.4534062165797126,17.19806863540749,-0.20450916236555122,-0.0330213713592074,0.46044485939467283,17.901856533274596,-0.08300929545777715,-0.026719510544109114,-0.02776603116281435,-0.19743670177569334,-0.19835134384058953,-0.14436469915699107,-0.14419162846674696
2026-06-01,0.20632470459668056,0.7490062154224437,15.806189326218355,0.1843836278738374,0.13997117688693322,0.4769031355794895,16.277378936401178,0.07039411567630129,0.03374272146531743,0.4315252416756177,16.46531005477682,-0.08283277411483142,-0.07484724568577608,0.45890711590381605,17.270833085534832,-0.13505820883005462,-0.008408032967780515,0.49066497613009474,17.998961230855357,-0.058353372958573534,-0.06157778707730823,-0.06215394573637498,-0.12072078715891245,-0.12059632488455384,-0.07123339111681525,-0.07033449010366556
2026-06-02,-0.14602590681651675,0.09213910495222355,15.674196476209358,-0.1525688937501899,-0.0014329647320552247,0.35385722698423083,16.54225172294215,-0.036266474526404274,0.01037399062827739,0.3456016449594701,16.778518224901983,-0.04546576331168075,-0.034986451030151834,0.3986895493712992,17.367237815103195,-0.0946361806154731,-0.031674755077357133,0.4411961151488917,18.053425727915062,-0.0754676519076527,-0.028149021851203142,-0.02798317166347035,-0.08003402318651921,-0.07956100154874364,-0.02411080174695815,-0.023399099998533995
2026-06-03,-0.0038596044395247005,0.4828325970043983,16.1387117708091,-0.09378583931912839,0.022310297735141434,0.45953282854648947,16.99123254668152,-0.02881653963221993,0.02346359650515162,0.39197116079900396,17.160148205365623,-0.04012205256995881,0.04594625616957237,0.49147164228596196,17.484302119597785,-0.03402651175725365,-0.01663549085521368,0.4755629540290742,18.146639859321358,-0.07075821386473374,-0.02804085330322549,-0.026843572896414376,-0.054442370738724724,-0.05328674514024218,-0.017126322673063177,-0.017448643334946407
2026-06-04,-0.06781923998630605,-0.1979630263608353,16.27373102807689,-0.06332466889466518,-0.06247792112365584,0.11329113029716398,17.158640913122987,-0.09434292920916172,-0.022964172447834986,0.21583954937821614,17.431155147116986,-0.062208220507964006,0.03170449828679325,0.3202190951338417,17.71033859360019,-0.02003930370313487,-0.029744310552790542,0.4035795313319239,18.266014419536617,-0.0766580274515585,-0.05294952899984717,-0.05360462238151553,0.0001803927670288507,0.00083252398314784,-0.010454145021183622,-0.01116706188629464
2026-06-05,-0.19455834174685266,-0.0698287762965405,16.088316727491875,-0.19136634473270805,-0.08608843978746096,0.06133441353971181,17.268632899471342,-0.1126238582895101,-0.04735224893955403,0.17673658367652156,17.629583323694785,-0.07166373686781104,-0.027156297908980814,0.23708951410230372,17.86100797189338,-0.07805172550478409,-0.04660186683659517,0.3539177307639987,18.3181606238823,-0.09011372769377436,0.049996404072671634,0.04998898779322126,0.05307200261870222,0.054159715373842544,0.06638687619977907,0.06684254322215122
2026-06-08,0.2119532819641004,-0.19735941536219725,15.32607818091727,0.2725768183763494,-0.06639300305942539,-0.149873263399936,17.07052160999661,-0.03620537495801458,-0.06339628850470695,0.03843830432380968,17.566037663362682,-0.06729604245590508,-0.039150044007640925,0.13655421053467087,17.8531913075405,-0.07129517866135558,-0.05107596801539239,0.30354646389522566,18.31893810919717,-0.08507206496498593,-0.020891023104915023,-0.0211186224005648,0.04948739604209738,0.0502618347808883,-0.016533616130360224,-0.016292495219220847
2026-06-09,0.17710727569058465,0.23983451042667903,14.688016995370283,0.1750798902745963,-0.030350957375156355,-0.06000432983739057,16.626646749952922,0.015603807321473472,-0.034695270903478875,0.04200555020495256,17.466716727040243,-0.036552664427340446,-0.01962258022157257,0.14353838817358122,17.873834099885123,-0.03938373150480955,-0.07317737244840823,0.23944039921574212,18.253007364838698,-0.09438590072511713,-0.0025573694034086987,-0.001708915254968872,0.05592322143956105,0.056161901550209586,-0.03575288659900931,-0.03681041592927084
2026-06-10,-0.7871071620251655,0.6530502713340092,15.025604887464343,-0.7904790370350243,-0.12222654729466718,0.18199688594783958,16.145321734526036,-0.03846863978874364,-0.12432341962825184,-0.03538744292093243,17.270773087210344,-0.09169406944454815,-0.05451297884429219,0.16648477345547663,17.910136763854407,-0.06724070780400919,-0.10179644483177888,0.2545237068349391,18.286959619044097,-0.12177612163221431,0.02658191020252792,0.0272756962269757,0.03731604806566162,0.035838101805295904,-0.04377406195669687,-0.0454888918900999
2026-06-11,0.06738942309289236,0.21184079949996093,15.448274295701871,0.04805829331177448,-0.17221839279670795,0.35420226552065537,16.20102955969459,-0.1641028228069341,-0.11153522670913152,0.09069907056799731,17.038402308198776,-0.07872400789862749,-0.05866315956354159,0.165401080761596,17.94708507103539,-0.06904111883758636,-0.0843408130377171,0.26799642633413523,18.32839876352072,-0.10667985100602365,-5.7919148173823755e-05,-0.0002774309908208505,-0.010634537788212411,-0.011999585869442506,-0.0629655030650319,-0.06296786437267393
2026-06-12,0.007527123600560641,0.45915453963419917,15.56975869221935,0.01282249875217294,-0.15798308583900567,0.41596681023421755,16.472330620579296,-0.17576251977599638,-0.04097657126148609,0.2648597165677069,16.86824206602319,-0.008155004909547526,-0.04532251924319432,0.20479103510852914,18.012829791980852,-0.05081875713673269,-0.0806450621162489,0.2810852781460511,18.37937737317248,-0.1013787662529241,0.046411797496066665,0.04609110720026709,0.01331487358107692,0.01268282784830858,-0.0519710839869704,-0.05298875505269238
2026-06-15,-0.09722515776442525,0.3465382408889157,15.013032902736185,-0.07781185858259726,0.004673024468507599,0.34382443126359563,16.46938612462021,-0.000807430417318663,-0.10771865220055685,0.38332413211884986,16.809025374777306,-0.10199340429649631,-0.07754820985785754,0.14855871992855452,17.95066431462471,-0.07821184564755687,-0.07663987839397031,0.25292856523976437,18.36058779327378,-0.09834450447665061,-0.014455197707451203,-0.015218555631243363,-0.06602101217245747,-0.06655433000010909,-0.12538924669794768,-0.12546348835347068
2026-06-16,0.08438007979902468,0.8154278114378601,14.118131241659848,0.08438007979902468,-0.0157309180039064,0.4696105089808893,16.161576603314938,-0.012930884552506175,-0.13000502902300826,0.4323913593846205,16.755529255749853,-0.13766966637748887,-0.06608425302171678,0.17057384609955273,17.866204476028415,-0.06754702323205913,-0.05433601544278693,0.25675220295731593,18.340671702378785,-0.07798805714395617,-0.021164542777308153,-0.022032714999882692,-0.09167610803857032,-0.09297231747948059,-0.09013550510860747,-0.08914145969299939
2026-06-17,0.41228339682929827,0.40524763426324206,14.995641695043131,0.41228339682929827,0.1431926364566104,0.45078976275552085,15.884914516234549,0.12507406951913508,0.08090996965063717,0.3883681625517166,16.750281903157124,0.07230497988185287,-0.047825263704896696,0.12256211146074802,17.737163050701593,-0.03376812662257633,-0.006835908438847748,0.28381964296145257,18.31185088373906,-0.03388750109708189,-0.021368675651345953,-0.0205619914477625,-0.08109011002235846,-0.08132699369539566,-0.04493205557163681,-0.041842408621718355
2026-06-18,0.38167574760840633,-0.3202601250408015,15.197470790302525,0.3166973886328725,0.3464363454352862,0.13352500902117348,15.966214177866215,0.3164001367127772,0.15256844569870884,0.2798511472183418,16.68805213201806,0.15306803859972537,-0.002381838424164984,0.16887515149594234,17.571639698433742,0.01807102024583161,0.015841373128511478,0.24978653618114777,18.33653906362353,-0.002106865217381582,0.023891492221115453,0.024404982726930396,-0.052330965276819505,-0.050968278503231476,0.012767498091099961,0.013939450687269086
2026-06-22,0.30929741759302143,-0.13985631069327664,15.12235578521084,0.30227741244806294,0.36632815279254966,-0.043285679041865976,16.207204826030097,0.33564162210996024,0.24343310979676674,0.11400057150920806,16.56260838031715,0.2247563882147998,0.0796645714849211,0.20086815486740184,17.420203704456004,0.09379289091878391,0.014669343300380009,0.2229070646982656,18.357847424132302,-0.0091111874391393,-0.03292408825746754,-0.033146050648150724,-0.06528595756804723,-0.06567158290100102,-0.009755897134653595,-0.009635311983672143
2026-06-23,0.3538992206439856,-0.16242820650493806,15.631328454990191,0.11547082409782582,0.3499815058619509,-0.20186924988022037,16.441866132169825,0.22551835474885812,0.34148058169332834,-0.01996034071889652,16.72957171537371,0.2436990219284238,0.1079630245479235,0.18968829139339638,17.463234602606367,0.07219784908163655,0.020243579908343856,0.15800591191395874,18.37024917291142,-0.012857303020125485,-0.040110293573564146,-0.04163654311061483,-0.05936823452549032,-0.05890915835336152,-0.0012924318276679155,-0.002268217587148965
2026-06-24,-0.1022093068011239,-0.18107463146145264,16.156585423963,-0.1250171400363826,0.11148119959873472,-0.16788410852983282,16.822825492761332,0.030874411252402673,0.18629435890480184,-0.12206909674265476,17.128623259580362,0.12628015150792407,0.05730948988867455,0.10403633386450561,17.652523316619043,0.024544780192706117,0.014604268871666394,0.1259640417433847,18.462435733497372,-0.011319402201795623,-0.010578544761096242,-0.010387391215797834,0.0015406029299628674,0.003830857786481182,0.0543821124609717,0.05569751718066104
2026-06-25,-0.1368113767572328,-0.4549398219119998,15.628999065740132,-0.12741396721820866,0.012086297931655074,-0.2500937349748349,16.936566299854764,-0.04960954720070533,0.09677235675994256,-0.24588184350875175,17.228224699754097,0.05445878903256573,0.0907012181789462,-0.003130254151057721,17.71068642393622,0.0608603145997041,0.01087727256016165,0.0901067778839435,18.508523099750118,-0.010285513019258945,0.007390469094192937,0.009796723744401567,0.03615805445072163,0.03948458507367725,0.07534567793789948,0.07774522929310339
2026-06-26,0.41438306510076844,-0.9373399062394278,15.928918770032855,0.1946429473897003,0.06163157342967509,-0.5011652943880389,17.02637844471254,-0.00960787405617306,0.1398998631658217,-0.40253222759408525,17.36055428309082,0.04626381252562199,0.14418104325204437,-0.17192978191142694,17.772948514122486,0.08389978695525013,0.03395054117314359,0.01138406114161672,18.556949627477273,0.0008619156738399963,0.01093649992988763,0.009701678329160891,0.06509846336791938,0.06490772919050065,0.0416500608762645,0.039675103709775984
2026-06-29,0.5136718084925256,-0.24234685190860494,14.892797400435843,0.3723776223776224,0.23633459979590543,-0.6491302919013658,16.668809130672955,0.11914941265090902,0.15382458667075913,-0.4172898823612743,17.338435806417223,0.049218618501974495,0.18207097276455209,-0.2498165799961718,17.717093252518644,0.10758121325900379,0.05168355572636176,0.01085540395565765,18.56900159760357,0.018012738005926492,-0.02700636521491064,-0.02638362610051129,0.055530060433393716,0.05603627091732877,0.06769258683840218,0.0678609652752748
2026-06-30,-0.15193502150023888,-0.15336837075967513,14.736430956374583,-0.12153790087463556,0.3319926847217061,-0.6451652859443193,16.434707760058817,0.17722233016402278,0.08778501036401323,-0.4471600620187841,17.22497041120264,0.019198401483308283,0.1838398859467031,-0.28541259491320115,17.70078704297671,0.11069497175071048,0.03690153655709386,-0.041457228510576205,18.526657460719285,0.004807124439990511,0.020798543881889113,0.02110347302922793,0.05807580269782231,0.05664094076621269,0.10043617252754887,0.10051249580399632
2026-07-01,0.09750813893716495,-0.4777372530781093,15.916053025942153,-0.0001564960533651542,0.14124488761941126,-0.36715887479899256,16.42696916526849,0.05528230634613613,0.16106910811321898,-0.5547380927744933,17.148682492890355,0.061501433367570635,0.17355523794822186,-0.340573274169933,17.831850334538405,0.0938408133492114,0.05167754257855707,-0.08061014054309412,18.542322095614328,0.01229006020758308,0.024038906759662505,0.025266336071398224,0.05284150953100872,0.051866659394179934,0.0686900311902355,0.06793348700790708
2026-07-02,-0.4347941165349567,-0.14757817521836125,14.788068573406381,-0.33514700267277586,-0.05513660341114588,-0.35108689942897453,16.40529518200572,-0.08617875076812305,0.17128361858190708,-0.5357946210268949,17.015815037996834,0.060456725030523364,0.1300860693251846,-0.3755007857071425,17.82079619385211,0.057163715821861714,0.0448480572005481,-0.13687691310398398,18.473000851486816,0.014873087751355128,0.03633087801139095,0.0352198678612248,0.039187623487178004,0.038260644219425974,0.042882693320406624,0.04156734329196866
2026-07-06,0.24511039873212548,0.17869106364585963,14.836630024125602,0.4274389337561314,0.024081050060331382,-0.279407869566497,16.424962586399786,0.03852717588043647,0.07637645155699348,-0.25706542576379077,16.762047387734142,0.06701072665981957,0.11736903896099445,-0.3509372824129402,17.798571542221026,0.05404738427226728,0.06425841590524127,-0.12039565432755261,18.384676282711474,0.037901977183586066,0.0013680969953619878,0.0008302200559890558,-0.02344840249165492,-0.025232625480724587,0.022201143737782612,0.02109378305979963
2026-07-07,-0.3589499192245557,-0.5105654281098546,15.638445806211655,-0.3216368897258072,-0.23178882094565498,-0.26307811558005345,16.267463568734364,-0.10420601985223867,-0.1021028833904509,-0.3293919222004916,16.919792302050208,-0.06611517586734235,0.05226197384676182,-0.38240833371902183,17.844010875852064,0.0020950522767613066,0.06310260821979426,-0.15166060554209615,18.347539985435155,0.038981924408352714,-0.024460622950481965,-0.025778956251627447,0.012162526405008414,0.011824694357945902,0.04054067364143927,0.041187073099176075
2026-07-08,-0.8032631655619492,-0.8987544613591667,15.74187390699682,-0.7190997264362099,-0.4456755186092933,-0.5580134926851454,16.577468030703393,-0.31338346540269457,-0.2780369359868799,-0.4926612149620395,17.0981533939327,-0.21284765662592628,-0.08354336936461904,-0.468469988575446,17.856718039349484,-0.09294321738685568,-0.0063894621742458125,-0.20331182956127858,18.372353562090083,-0.024633681634675327,0.015564250715075468,0.016329191657195197,0.042360369829726435,0.043871555037783665,0.05681226597554757,0.05816714576043042
2026-07-09,0.5653301886792453,-0.46698113207547165,13.650637094018627,0.25608456936818813,-0.5219564826470059,-0.6995792123718756,16.447579309973364,-0.4665176784523015,-0.3998188733925014,-0.49784459337076614,16.776832581512007,-0.28512273674524347,-0.06782596207862203,-0.5315201919299861,17.67309007022964,-0.07876440406024288,-0.005901620932150188,-0.2170096475364588,18.356006736303577,-0.028010404244883182,0.010385020715831611,0.011660320896644406,0.01584852165922659,0.016066827613727064,0.024693866171684512,0.023186244322319135
2026-07-10,0.6086947762847761,0.3437015250105764,15.417702481513883,0.5671535240888306,-0.1588069167902559,-0.3833422738316872,16.35525263387763,-0.14314932922806245,-0.1642355159014356,-0.3476322270326715,16.890178819310908,-0.09616885933208039,0.01404855064775338,-0.4476156656063851,17.648115848703405,-0.010377106477892374,0.0535735437688609,-0.2184223003127993,18.373037611190814,0.02593711469661769,-0.02630514796744206,-0.02827340183892575,0.0036950698332286216,0.0033066990725427172,0.004542421297236601,0.0033066990725427172
2026-07-13,-0.49380062820300874,0.2599768556786246,15.61540369240562,-0.2866221147144439,0.04332723486413341,0.24304226492087455,16.288757918294174,0.08415874057067892,-0.2898608892492194,-0.25876365621262354,17.03099668429018,-0.22374882685466094,-0.13121967089292985,-0.25802804212461294,17.598683789156606,-0.08985361622290998,0.018448572249316276,-0.211237403314112,18.382754552544135,0.004352204043247233,0.03697902589202542,0.03788753989465959,0.04564954622943754,0.04632640854052417,0.042603242688577556,0.04306819224512075
2026-07-14,0.26000104037243493,0.35745493599177647,15.284444022434155,0.19821470463225366,0.07580010754355951,0.3146149196959036,16.547114446905454,0.10586024279586236,-0.167772012810751,-0.07515397270515589,16.9540435868036,-0.11531568907114521,-0.13549970617150933,-0.2000961660595446,17.63021173958838,-0.09047714003679108,0.03017905306020903,-0.2260356404376762,18.367742919118214,0.01302996640508461,0.005737220474236098,0.006267904428210255,0.028378147236430645,0.029362378741230124,-0.011453827892993283,-0.01210135779863712
2026-07-15,0.14393213845943356,0.48711634058466724,14.600644675195229,0.13563744380218368,-0.12249829139592913,0.3331955114998866,16.348119399341737,-0.048403535662198856,0.10648325450133758,0.29914875358988957,16.727763337353828,0.11788131273780154,-0.12098090639574403,-0.16924899129297122,17.623156985731022,-0.07814624482195566,0.037342334646331264,-0.22958410844475707,18.355872298388473,0.019454543652293224,-0.010947597455424302,-0.01147553576686136,0.014451896145821026,0.01429559072264677,-0.022223709218338467,-0.022250608934819806
2026-07-16,0.08592302942992386,-0.029944433010907545,14.480052996022911,-0.1664296998420221,0.19009779388927917,0.302196536263023,15.953327016299927,0.09274644607150878,0.084473020598654,0.2996644368634578,16.785606972961254,0.07879503077501987,-0.1566105914945445,-0.097340675283478,17.474376555747156,-0.10088237446527197,0.03766848200025071,-0.24046573469724508,18.36214972027911,0.014378496524524977,-0.0017684311101664944,-0.0010998076445400261,0.008845344512457849,0.007119416708592018,0.007912707288826993,0.008482743436456093
2026-07-17,-0.3084017137462784,0.3014305424442669,14.828637940356936,-0.05282064928153273,-0.053232711704520715,0.26704883535302226,15.745654354424675,-0.03374664316884861,-0.12868475982952654,0.28729864873480815,16.665297503858334,-0.06285388459673193,-0.14845043252722714,-0.06571313674451207,17.477193491700497,-0.08028555349786047,0.01451163674978026,-0.24695917083938712,18.356827833063697,1.7962549602673165e-05,0.015649328428766946,0.014746307629055768,0.0008473514640080019,0.0,-0.018616142488706994,-0.019725601376919817
2026-07-20,-0.0866518963510454,-0.2817850064503513,15.494362399894626,-0.16305385496258373,-0.11402798274429916,-0.07339996686949979,16.12379925444374,-0.12614378818324906,0.017981745272649438,0.11346533211975829,16.624581692342407,-0.014295569845404452,-0.16679400979467643,-0.10995691244324002,17.541442438696343,-0.13319461978318825,-0.006545818751027868,-0.24585307675374124,18.371395915456706,-0.02766286214823839,0.01970762689901858,0.0209235100953654,-0.003046303540859936,-0.0032582162954035844,-0.020177480066602898,-0.01998697608460868
2026-07-21,0.06823277884966365,0.06132346039526526,15.159784550550517,0.09520896544974063,-0.0880493912543964,-0.037224711226832574,16.296158067142876,-0.058088343565250326,-0.03540512584846112,0.03513158413353601,16.593416307229774,-0.04757637564171446,-0.11339467335402087,-0.02984781420117477,17.483046271376562,-0.0861254310292708,-0.015777531582923724,-0.23760253336406945,18.37287501356895,-0.03435885761791748,-0.008189030616373565,-0.008798883590373077,-0.039831975129424,-0.04146373653986726,-0.03383551923931913,-0.03457001007988123
2026-07-22,-0.29349547663149983,0.7283294408203806,15.130604523522177,-0.2769415412311847,-0.10031054424733074,0.11130908309028453,16.374279238950713,-0.12104125327058185,-0.11229628297635708,0.12544783092547052,16.684414579706296,-0.11200280564870356,-0.0005359300237872743,0.21418042744237153,17.39947098228449,0.0032027871627233364,-0.051366440379608434,-0.2038479964718024,18.34715149507525,-0.054624239663813995,-0.01655414908878749,-0.018651709780916143,-0.03667560536415958,-0.03654619965746659,-0.016347462776219013,-0.016199058326596995
2026-07-23,-0.5207380539347106,0.4082426536298165,15.151721681755864,-0.44272617047074087,-0.24749452270547553,0.39608098476916176,16.24605790216286,-0.2189516160565561,-0.21185204473112115,0.19618878017411645,16.78483206750071,-0.17231980285204224,-0.06363210608835523,0.2479466544816631,17.478366750191615,-0.04882512180417373,-0.06593255181672353,-0.17961241797907712,18.273607756398444,-0.06506346715547282,-0.00976642415861643,-0.008219224353132012,-0.0009326372236310739,0.0013633267278641253,-0.006356300098531727,-0.004375177884304164
2026-07-24,-0.6030914213019835,0.557810741592139,14.756220694379174,-0.6030914213019835,-0.4577614287035058,0.5643660074682662,16.127204043322312,-0.42033149714814,-0.2500324971662523,0.22919386754232818,16.77490545355603,-0.2485565236571468,-0.1926804728250816,0.2566556636864328,17.414749618614927,-0.15460831392817415,-0.0773095072758306,-0.13638282652751532,18.231371985418846,-0.07512170122642962,0.011755673423899002,0.011488091333652414,-0.019463493952714996,-0.019725601376919817,0.011702809748369555,0.012303641195356733
2026-07-27,-0.11272395487723955,0.41390179163901797,14.002488755756588,-0.18289311135949174,-0.48363701579992285,0.4597463628825096,15.83996779131135,-0.4392823045568689,-0.2969568344263562,0.4248801866763712,16.53235530674798,-0.2730775572219812,-0.13223127497577378,0.2619976773722188,17.272678485267257,-0.13044386840888392,-0.13164374838263032,-0.040026547820728786,18.142054820514087,-0.10718929373185837,-0.01707804468954552,-0.017282010149098317,-0.017131176525743023,-0.016728759789205037,-0.014604220301930981,-0.014794790406194936
2026-07-28,-0.4399685080698071,0.49402965490093154,13.543834371817105,-0.26369930761622157,-0.4451262711394792,0.5087756946187647,15.32612211609148,-0.40254507226754266,-0.42214238275693106,0.5448785611714344,16.305338412071343,-0.3801133154977611,-0.20111217478855636,0.2535451601782046,17.152862440515833,-0.18509994925075834,-0.16062129277757928,-0.02640677278752923,18.11290066618461,-0.12738042986375067,-0.0050326608511091445,-0.0038813467079724944,0.005996455890104861,0.006893726459986113,-0.00554879567500187,-0.005549403808669573
2026-07-29,-0.22953861905676073,0.11544122352338904,14.955073152920331,-0.22953861905676073,-0.2333745655887377,0.2427401778877305,15.443397436810889,-0.2218700203896304,-0.4114315119709858,0.3681224632944251,16.2543296382816,-0.37568701719853254,-0.23018728387058765,0.22108736959755793,17.185464851104083,-0.21234741943478594,-0.16382158778637695,-0.01612354149089945,18.12121614266399,-0.13123395869441565,0.019188819051740993,0.019257816604414738,0.020328142587940613,0.020347141330869692,-0.0024214982270986656,-0.0030602332965941367
2026-07-30,0.3695824524312896,-0.48387949260042284,15.146292473424484,0.37044353078990283,0.045075930391709575,-0.14256664276868936,15.853022851719993,0.07406273188772806,-0.11671569090696578,0.0729352536463519,16.252530385446693,-0.09622948103244099,-0.176653476659263,0.15058741466874026,17.24683609431921,-0.14554849509004308,-0.1654967860781894,0.012580487860489376,18.06021141041367,-0.12083250072293074,-0.02829728088770033,-0.029308152457916122,-0.005423662874900722,-0.005738504612168342,-0.02162294559735466,-0.022596717869929214
2026-07-31,-0.004767735716332751,0.18526430972044916,15.160540378738283,-0.09807575723555695,0.06166900825292854,-0.07062906482317144,16.19020242920142,0.038431885223920624,0.015068342325054659,0.00915425389684943,16.35832449389513,-0.008119532631780219,-0.1446986077019603,0.14176438830728255,17.281299521856237,-0.15126138035255463,-0.1467576747539899,0.02789709551852182,18.077182828949514,-0.11143480312812988,0.014087990850870882,0.014484932921367013,0.031166303701084648,0.03202924257227665,-0.0004870410865457022,-0.0002806229848638515
2026-08-03,0.020012378791004745,0.1294173126234195,15.037195865621856,-0.030697478830972725,0.13146379548260587,-0.06180550512019756,16.21478678589594,0.07232657364076045,0.02653210492058486,0.003791259302005745,16.517053029655116,0.0017276003411185387,-0.1364498700341556,0.21594659652496384,17.21788058514218,-0.13128076001875855,-0.1540552989691327,0.02685996852754191,18.085838522134917,-0.1323887186818582,0.006049587726302453,0.00634047610009282,0.0025269562238120834,0.0019339693830101124,0.0068387969663297465,0.007164538775486227
2026-08-04,0.1229451103444784,0.5230777321130202,15.447746606674352,0.07762651041464402,0.05495493094844134,0.30987723726377814,16.328883180062945,-0.0033425351718126928,0.07060698646165521,0.12233648504284322,16.77332806524502,0.03478059855445924,-0.11914693672681465,0.2850541294809297,17.25961093536089,-0.11731814027275371,-0.11595082042538317,0.11008591778272159,18.070703250509577,-0.10026303424796136,0.00929902584672635,0.009572068162911264,-0.011545251565106787,-0.012443130268655574,0.006287063000959323,0.005754228783252099
2026-08-05,0.05143295019157088,0.31531034482758624,14.99800463712645,0.1278523945190612,0.07345366660042875,0.3520180917038147,16.28112395070504,0.05361901504318927,0.11575316432491953,0.15591188345856155,16.780422734178376,0.0821078125284,-0.08005828247683543,0.23473295420033735,17.24472830989719,-0.0765274456460062,-0.037226854887527284,0.22366318533087548,18.018236991947585,-0.034216687528168865,-0.006562986411100177,-0.006827829338623357,-0.02274964081503917,-0.023407374627463784,0.054313534755919254,0.054038570027526225
2026-08-06,-0.4345412225268778,-0.8159268584967176,16.954286340181987,-0.4370842067718285,-0.29346902360120203,-0.48082569647959816,17.264017611582506,-0.27062448106747256,-0.23732954391822814,-0.3612135765246933,17.47095212013712,-0.22439052507759877,-0.20980373735695257,-0.26213460325802884,17.730000478054762,-0.19547681257664606,-0.14586513447355595,-0.03901413389039843,18.30522493071198,-0.12950060864068896,0.008292685688284888,0.008459594726528824,-0.016199282722453957,-0.016858213257760837,0.12110475291716802,0.12140000590712442
2026-08-07,0.31394715091891534,-0.2408236565573728,15.8477163517435,0.24806573887957703,-0.21972387881444133,-0.5780859947649912,17.34095887252568,-0.211820012255633,-0.1593089817108224,-0.3889664141445115,17.564477972270495,-0.15008589118585758,-0.11913552464291542,-0.2972464404963586,17.826339408052995,-0.11693546586737462,-0.14844546481221974,-0.0764992928739725,18.334719647951786,-0.13238633444020867,-0.014551356626401623,-0.015610340267899389,-0.031653344787630225,-0.03230986555714042,0.17076054140038155,0.17139248626176437
2026-08-10,-0.6441161013865869,-0.37003274447184376,16.107520025649315,-0.5164671943953157,-0.34493971104076526,-0.599170548685414,17.51931061913402,-0.3213645909053182,-0.2696721623920506,-0.42105110676091073,17.706904193638856,-0.23987443830696914,-0.20057198766653356,-0.3219415227157746,17.972545027439715,-0.17943817996053785,-0.17789368157689933,-0.12816607911958555,18.375775350779453,-0.16261782501611396,-0.008022620062616332,-0.008036623551572813,0.004311840742517581,0.005230569392476158,0.20763297821157645,0.20874281316606974
2026-08-11,0.03908285565398645,0.0726072607260726,14.649636766037649,-0.020750604603947093,-0.19606632857081113,-0.2689008885644849,16.8026308546697,-0.1648321134631499,-0.2977737280966642,-0.5010376116516101,17.64776712921851,-0.2690106049028466,-0.18934769487627476,-0.31755900420615246,17.996376763387097,-0.1712154795554229,-0.19288639325102183,-0.1457736474894128,18.354188261742276,-0.1755278781881247,-0.001905363403205948,-0.0013921761958970405,0.01783231456606617,0.01819735905190773,0.21810671167002474,0.21856994749143072
2026-08-12,0.3536272451597854,-0.5939521173950846,15.366408137442011,0.33500620581727913,-0.2729094854345397,-0.3721982108754649,16.64361091175873,-0.20541934228449116,-0.25719134717875114,-0.5661679203259116,17.678759178098503,-0.2330664879997926,-0.14926401296158404,-0.35720346070616926,18.020394174039584,-0.1325163310146985,-0.17375170197221576,-0.18221045991531648,18.3807957582189,-0.15708371157872228,-1.2628318515001524e-05,-0.0002786679689205254,0.07706317557095844,0.07744594465498991,0.21414043206881453,0.21413120337653463
2026-08-13,-0.4489514882102822,-0.6111325860069579,15.23601333200645,-0.5016787963483911,-0.009025157514541528,-0.4627566613190891,16.227640490111558,-0.06736484377709193,-0.14218680986866306,-0.37172724892192865,17.17182911618111,-0.13832852156824144,-0.19682044279867783,-0.36569000262839935,18.02568065600428,-0.18626266736207928,-0.19047654125181357,-0.20328515285770166,18.40338803317878,-0.17341223375121384,-0.007161376376891359,-0.006992057572850703,0.137304035639622,0.13825821916488532,0.23246636260181044,0.23290622037752706
2026-08-14,0.2711199455981587,-0.6432145908528186,15.562115919550081,0.3011507897253273,0.09350239890335846,-0.6181905414667581,16.495846989039062,0.053972663499585634,-0.18363720527408203,-0.4671415132374681,17.103449689172166,-0.16059729920669255,-0.16871772539808352,-0.4192000014090852,18.05344736973405,-0.15429722549491082,-0.1611273320077616,-0.2419270286971721,18.433266164262193,-0.15335330186475712,0.02141382890374628,0.02193009468171726,0.2024138861880118,0.20370235181890484,0.20947953510356654,0.2087263404633808
2026-08-17,-0.7600780321245654,-0.823189753032348,17.616619901966285,-0.7587692953525916,-0.6282368361797049,-0.7882255593124772,17.816004060348572,-0.6195665674226483,-0.5281959522156395,-0.7412058997203278,17.93687998656705,-0.5075304896733468,-0.41373244588314456,-0.5994547665023933,18.521635852036308,-0.38575466314007467,-0.35452327539436534,-0.42533910787347484,18.761841237786836,-0.32791528133115067,0.005497853760932209,0.004930166107858586,0.2033211374690589,0.20351224377359353,0.20511381287493052,0.20418406106456544
2026-08-18,-0.3227342468652452,-0.39556378510155066,16.05957631147903,-0.31759287416487986,-0.592533076188644,-0.7386506402745548,17.908479174006445,-0.5820150672839375,-0.5190134489855444,-0.7210537907802228,18.046313059625557,-0.5046280265743162,-0.4301499168293595,-0.6326817085414449,18.559912093414084,-0.406774960001142,-0.36355972118250773,-0.43618131170959695,18.800856050521663,-0.33806260955473827,0.05732549760168626,0.05785640940718518,0.2002743971039585,0.20037258843952313,0.17907062814014313,0.1786719177064051
2026-08-19,0.0854454555468303,0.15963770871012795,17.152812802584027,0.12761248214307513,-0.42093033654129447,-0.4382177993236336,18.22619145969748,-0.3773380505665906,-0.37914073977536544,-0.4587320087324702,18.339468519327074,-0.34259173739794224,-0.33760718105917586,-0.49532256197248226,18.75586356391882,-0.30445971149675244,-0.29104991064883806,-0.36334998407326047,18.955254706329665,-0.2589313586748204,0.06022823175014853,0.06053360654097502,0.1370772564978562,0.13668525872154477,0.12220863893136691,0.12150083099880116
2026-08-20,0.04258676624815,0.2710622351599741,17.23677527044763,0.08355062230772348,0.009742926511421158,0.13285757013290111,18.03770289159258,0.05548346950622195,-0.2679299618848944,-0.2651811241311409,18.591846134832856,-0.19822440140807243,-0.243452936788182,-0.2859212768046234,18.808335512041428,-0.18614753219417265,-0.23491205584163452,-0.27988371423820746,19.10112557011376,-0.18844825144694996,0.057948474171498565,0.058452075081168745,0.0951623269621885,0.09464800121264175,0.11785960879320907,0.11778303565638346
2026-08-21,-0.13264980914701385,0.24767836192899484,17.084136048437905,-0.11987164620105163,0.0026203626784237054,0.22695537449440106,18.25847234270629,0.0353200955626449,-0.26460396752081694,-0.15280644225378948,18.75148550789029,-0.20076097959777484,-0.25153798970708985,-0.2035321344956662,18.927476647290213,-0.1942179858559506,-0.21850001722960954,-0.22691637179741408,19.214528075018574,-0.17557379782334245,0.02232108018479338,0.02173998663640582,0.007065648915554885,0.005023988644476046,0.035657141376770986,0.03487025205310206
2026-08-24,-0.05587574871467113,0.3372963128453703,16.687961639915727,-0.028085671755631283,-0.04251136057034158,0.27852730497259537,18.127162997026442,-0.00926185534123573,-0.033966986318688254,0.19199416770169075,18.53524347108787,0.0010324360802686572,-0.20927899066494826,-0.1390288713444071,18.97331161117091,-0.15704827107527614,-0.20693862900237509,-0.1881940958133892,19.28636718612598,-0.1628042395048218,0.0024511133958317263,0.0017905107737882938,0.0017926754058715853,0.0006718172909718648,-0.003991853796007218,-0.0056160992271116
2026-08-25,-0.0249145966795488,0.4729886303325683,16.40909977428365,-0.11188301499075133,-0.08383624440415831,0.32788678559322637,17.86439040308362,-0.08780174919798132,-0.00946208120061061,0.2721140699717459,18.56982806210059,0.009400055757250387,-0.19903082059784905,-0.0973748398334523,19.035092018434835,-0.15583131942699274,-0.19649967128323448,-0.15493053132873225,19.338088032245334,-0.15970652913674552,-0.005871643004416017,-0.00583092031079321,-0.02120376896381545,-0.021700670733117985,-0.009094048430722928,-0.009661910911736859
2026-08-26,-0.26142316369059,0.5043016097579627,16.386327360561513,-0.18327856029606626,-0.10739217618869591,0.42790787252602835,17.602752370153002,-0.09764657564869063,-0.06851861886753857,0.33350556700909273,18.430807287002025,-0.04344154511589585,-0.2167416459485313,-0.04453528629693082,19.079327562551047,-0.1694840760105147,-0.19936525554351656,-0.12505151108521162,19.377077931209694,-0.16030179479182113,0.018313302214480853,0.018496349032071882,-0.014868617566489226,-0.01518442772274362,-0.01720056137355707,-0.017699577099400975
2026-08-27,0.22529846064457684,0.7849739080148386,16.836018318723223,0.21379075686135718,0.018468414766553927,0.6179265914582233,17.66471940002841,0.0014119190682349463,-0.0396660832267937,0.4563409850179838,18.325395930826303,-0.040181877614897075,-0.16891393717518832,0.047799849503837644,19.16061654406994,-0.1265411549473962,-0.1757022323157944,-0.052782114852049644,19.439340656700235,-0.1407258633974826,-0.03014820387513524,-0.0311719374869969,0.022697281831020485,0.02313503444374167,-0.03389225675033272,-0.03413760636531847
2026-08-28,-0.36645044811707034,0.347733514129114,17.0833403811994,-0.34302055660158365,-0.14073286727891587,0.5317728502660879,17.907059532837582,-0.12223736474916323,-0.10717950956765579,0.48529053058989735,18.325166032232815,-0.10027449521041293,-0.2024204333177118,0.099245401860097,19.254021495461583,-0.16011737648609053,-0.19462253341994,-0.020708916552356627,19.51717109289792,-0.15881149578482495,0.017048106675110284,0.017387815282901745,0.02859149246121613,0.029846263408626082,0.0182894756694757,0.018953635980857995
2026-08-31,0.025026711515395605,0.5012105807207667,16.34908831721593,-0.04653882794949484,-0.0789594763139851,0.5313379877517959,17.899038463848292,-0.09029394439067726,-0.09833968228185541,0.5181211293768975,18.26763093461144,-0.10901911326923698,-0.06187211915933414,0.33336802275461674,19.103509850800027,-0.044894949919002995,-0.18801457399132568,-0.0010503461922966029,19.547458281793556,-0.15578449069297673,-0.0205453309738553,-0.020581977250301604,-0.005784529201878801,-0.006287916518083435,-0.03554473195257758,-0.03554714660498415
2026-09-01,-0.2921943783568162,0.32205490575983364,16.457321307722516,-0.26566197609320624,-0.25349303012385815,0.37747538120517476,17.78375131272398,-0.24858280938123672,-0.14117216251163978,0.4932716293334871,18.275303441914588,-0.1334482220051769,-0.0656886574861187,0.3665254639880098,19.126517055880477,-0.048846884126399655,-0.1976311338550742,0.004791904194219265,19.57596630676215,-0.1649048765022423,0.00046350839291015705,0.000685322699581343,0.01210972053309265,0.012038759821381051,-0.01668937414838348,-0.016590242260196807
2026-09-02,0.06095060577819199,-0.029189189189189224,14.8022601262735,0.31939135548368125,-0.12357607619394795,0.3669013686033018,17.193766792324862,-0.10481676282627886,-0.11337538369892779,0.472953225723618,18.147238114380233,-0.10376020718459034,-0.08778814139285093,0.39340934764958346,18.99218781239093,-0.0676674509361143,-0.19800639792009536,0.001307601803841374,19.574137824136216,-0.16253064982497478,0.055879201611990545,0.05681581119855726,-0.002331943807067962,-0.002515149376657387,-0.010244466248526284,-0.011252845804862821
2026-09-03,0.13720616467105484,0.5549859704781279,16.98831312452952,0.1585550528984878,-0.016326948775648196,0.43583266665269127,17.519165317660363,0.024561935773324554,-0.12547043546538336,0.41708689226658113,18.190615782345198,-0.10829511836472076,-0.07968144723331519,0.43803460813601136,18.95342202569784,-0.07095802651411635,-0.15563733172274943,0.10226975845761443,19.576654903724553,-0.12310507763054304,-0.024253993244939476,-0.024460708522112497,-0.05658953858135324,-0.057272640809060194,-0.006984433880210861,-0.007145207404644255
2026-09-04,-0.19549894656196132,0.030319862095383954,16.161346788719726,-0.11399614832660405,0.037779631711829346,0.36455780632230783,17.42639603765012,0.09068726099391616,-0.037540131829364616,0.38223554258635595,17.968688318754083,-0.014439689543958327,-0.07850114487883351,0.44285120064535777,18.85587549407706,-0.06539590335212093,-0.16811565410263973,0.10809402562519166,19.585463951920886,-0.13119944609237535,-0.01732791498798487,-0.018746364643807776,-0.010302016791740415,-0.010892627427768075,0.0805951885037072,0.08026377543170446
2026-09-08,-0.35144835093806875,0.12224660237111129,15.586914417029302,-0.10031088572880835,-0.020696373731729844,0.3553939345147439,17.509263119181185,0.03835947569786773,-0.08381399214312181,0.32904520357093636,17.85709583948509,-0.01755933446374647,-0.09254707206707917,0.4427207092432368,18.7764316400904,-0.07236404747749954,-0.15664008831549314,0.12330434250331312,19.572856213199373,-0.11879873970235263,-0.00265108123888386,-0.002255300910837124,-0.029760202750698742,-0.02925923008690066,0.0944876499225263,0.09533065922762492
2026-09-09,-0.5612199930418648,0.18174649194016013,15.969943725903375,-0.525496357663191,-0.3586820129810256,0.10433328923472884,17.032147919341416,-0.23753855275025387,-0.10694568652092849,0.30628787664463886,17.75710984120942,-0.03160477764668221,-0.12839628408670792,0.42347532040473346,18.7425504304101,-0.09519412337625224,-0.16884290821098574,0.12522701728320107,19.592628044688933,-0.12987920128168104,-0.013978155947250302,-0.013868586498457234,-0.028799094681476047,-0.028629002081577874,0.0772724360010525,0.07793896275466565
2026-09-10,-0.2174431238187397,0.5570045475993008,16.143734157513325,-0.11213377379576571,-0.368975654797941,0.32310249348199616,17.024812701038144,-0.24310828413257776,-0.13375853772408178,0.36506083862076943,17.894370838400224,-0.06556252928432663,-0.12228522498034552,0.4257915331134676,18.721923177704586,-0.08709617815671543,-0.1778645131986751,0.14904560536308997,19.609655516983533,-0.13587586836055907,0.0016216068377053205,0.00205831976615436,-0.007912522441458365,-0.008737696428205521,0.08985348732209368,0.0903444912013625
2026-09-11,0.05993591757240686,0.6717276427020726,16.477537832560728,0.08147669357006801,-0.18705436000525055,0.509052020870032,17.318301368715012,-0.12914652803064164,-0.20834824796631168,0.3622092741884928,17.718070933593758,-0.12181942913989158,-0.15729668299685332,0.39601311384281845,18.675146962342733,-0.11361190077689662,-0.1644882117948262,0.18045566111875067,19.640204186904583,-0.12161239924973355,0.022033528544673345,0.021919304859179572,0.04960510470114233,0.05012743340441575,0.08370942143903554,0.08325365924138603
2026-09-14,0.19919560170605558,0.65174248864677,16.141880436964662,0.18462404581462527,0.01916978144041166,0.6320533082223738,17.36586612050179,0.05730529904787558,-0.12646011740601348,0.4925741362420868,17.71399833406238,-0.05976682772149378,-0.07636877494136501,0.4304170379695884,18.542577050720677,-0.03436057870949547,-0.16091417497410607,0.20829351484402325,19.653424635499448,-0.11853917046932727,-0.03678610094694316,-0.03711296730294035,0.09089720529544751,0.0911564028594725,0.053861094345828024,0.05373777849621171
2026-09-15,-0.17607406652595492,0.3882711598854538,16.643344754430032,-0.10574530852058987,-0.0018975138082050166,0.5512310765499346,17.540596523625066,0.029697616962803555,-0.11844427741005027,0.4994258873827371,17.915795723144598,-0.06833558029893991,-0.10163718734063762,0.416735159401707,18.58002360106775,-0.04355847406498906,-0.07666621146220691,0.36438371494355026,19.568784506370402,-0.04440864552832099,-0.001689973169661166,-0.0016250729055143228,0.12424785267322519,0.1245898893145256,0.09317013319403256,0.09338935515911344
2026-09-16,-0.10809626357535689,0.09655112776064567,16.68933505078493,-0.13966910116829978,-0.0635638716250128,0.3332782807616945,17.618925491237935,-0.054839607335836926,-0.060821659614083395,0.4361562459879409,18.055960609798447,-0.03499251623437148,-0.0804630435156132,0.38085330151413777,18.610805071466526,-0.03356247472159856,-0.07121214236843208,0.3718820042742741,19.594691093680105,-0.04322940428921146,0.0069084162927674254,0.0060227191549152475,0.10607153068252859,0.10656796483624352,0.09483001049698768,0.0952256882323089
2026-09-17,-0.3031310798248052,0.29061442769381163,16.160589942410283,-0.2635661062358697,-0.17878688845271717,0.25099946727340994,17.623228024384314,-0.15567634486750417,-0.07405747873946741,0.39653081063476536,18.05846902891792,-0.05888772348244622,-0.10146428056520926,0.3820839766737212,18.67292936351846,-0.061875863287868565,-0.09354383318011729,0.388642991889965,19.53839276588569,-0.06529420125372785,0.05913923398030604,0.06092344959877587,0.09776600976355213,0.09908218762956797,0.10070343041149402,0.10221469515086946
2026-09-18,-0.05005580456268538,0.6708463938095497,17.099582150436262,0.022079374270607285,-0.11696572692975346,0.41301533189681683,17.819618511359945,-0.08801213265210125,-0.08966066063655528,0.43773509896514673,18.221893102208963,-0.05787325130113557,-0.13436349350041218,0.4092888359830258,18.694528770734284,-0.08197969437290108,-0.10350290363858658,0.42551192098503243,19.525477496008943,-0.0757752923491087,0.06332562913897842,0.06294827431423622,0.03410431673789315,0.03312622583697023,0.03757064704148067,0.03648404641058516
2026-09-21,0.07098243766491052,0.6279851169610207,18.045978581745725,0.06476187689057857,0.003602619186071279,0.605537847814543,18.47770074988105,0.01762362320449952,-0.03210112341378658,0.5152401145845273,18.760583496761367,-0.020099643150267566,-0.05662326896348318,0.5093496488597087,19.06152830289469,-0.030766232376586173,-0.06644134287380576,0.4795073240372989,19.657126420877876,-0.04661601907225035,-0.0034354535691656436,-0.0036794808478872905,-0.037036110949619644,-0.03741862436326069,,
2026-09-22,-0.04975172594649138,0.468608012040294,16.680057313747884,-0.20026726623126856,0.023647781736048545,0.6133629850464393,18.542674448951807,0.0039040376081759965,-0.017043739652869386,0.524657463954326,18.765074366248584,-0.03644752797388577,-0.047421738484079684,0.5170984823102958,19.121155482267465,-0.04608928608157476,-0.06613352018651206,0.48625681217429517,19.656722082002585,-0.05707894690170457,-0.01986629516035781,-0.01964699738379642,-0.031077719479192675,-0.031200534155412317,,
2026-09-23,-0.06311897339230044,0.3479881099108244,16.4396718475582,-0.09919212780173722,0.03134083040661048,0.5614641774118612,18.42151540552546,-0.016693248272195642,-0.009926247467981432,0.5621398489253033,18.73696338541499,-0.02901431066450052,-0.02702901598474993,0.5198046303448756,19.14649303310719,-0.031072806631890458,-0.06761296853134474,0.4812377022165104,19.65792793432673,-0.05678970634038488,-0.001397104626208997,-0.0014630580517604398,-0.011241520185540777,-0.011342276603934495,,
2026-09-24,-0.03618003596982272,0.18023061172055654,16.36839519775452,-0.08800213480513394,-0.04997940160531665,0.34710784957286633,17.603742035344464,-0.13969195120288966,0.009571547814318673,0.5472975715132613,18.754376264778234,-0.015916348062545348,-0.018253524356381116,0.4971344143504943,19.158922195847566,-0.03071347413493621,-0.05908141800137522,0.46913545297619774,19.65725332401123,-0.052711606353454094,-0.004522459045352859,-0.005032512193821983,0.002937420647941991,0.0031325075213014435,,
2026-09-25,-0.28467637873319246,0.3582368672040095,16.18524959264984,-0.26270457913395173,-0.11732120423125654,0.29320657778777814,17.435353416421087,-0.1391421779993784,-0.0030132128371764943,0.5042735042735043,18.63274070659927,-0.0447626838442924,-0.037560321260198114,0.4777440500210819,19.141416802289218,-0.050121267116632305,-0.08371862895081046,0.4462368149152136,19.628362338206568,-0.07463878750157563,-0.007814798548534342,-0.00759657588599474,0.0034663303035872895,0.0033578205736151034,,
2026-09-28,-0.1271492108260563,0.05977111243694755,15.813579476775262,-0.1951616333475117,-0.14384977437042068,0.21307519368560657,17.246703572010137,-0.17294936794429797,-0.09944479787172518,0.3149776055623028,17.94663055441387,-0.1648958225677717,-0.05277891690281478,0.45374975430217335,19.127379175155927,-0.06777052222457873,-0.06122003745095016,0.44540064635260723,19.57027885440984,-0.05575851827349339,0.00252293790126127,0.0025386093599612516,,,,
2026-09-29,0.040434015593984844,0.16741444036024955,15.922482146322931,-0.020137761004464495,-0.13881035948420511,0.21483906996387092,17.084801892079348,-0.16598466314078678,-0.09418133252310291,0.24113824804057926,17.784477065251554,-0.12898435801306776,-0.03808481385763199,0.4473209975370638,19.083591357189896,-0.06230254585652733,-0.06202515812883587,0.43579923281525423,19.556322860356556,-0.05520112938548913,-3.0095866705975684e-05,0.00021126016768129044,,,,
2026-09-30,-0.03980513639893406,0.7062744068336342,16.700294566760856,0.006496384183067099,-0.039336882999387514,0.4316581814823117,17.326990322997027,-0.04860301736394862,-0.0846282483081579,0.36127215662377865,17.859201971738877,-0.09679754533084028,-0.03186188355018372,0.50315668181543,19.08459630344117,-0.04870716479127587,-0.050511086755020196,0.4562265140272621,19.56864904301794,-0.04277033023565172,0.012781836207273859,0.013011726073475597,,,,
2026-10-01,-0.11557625322239902,0.3265985858386964,15.511933180365777,0.1891541228778332,-0.0319975065709974,0.5003641528665534,17.26795220114522,0.04993270623897364,-0.10056233636658703,0.4042999510260461,17.720444475077997,-0.04776831253628417,-0.019319053809318126,0.5097860706945117,19.058624875934353,-0.024667775895220984,-0.05256765847505863,0.4580981442407692,19.577405296400894,-0.039854413206223134,-0.003993549389707538,-0.004807199141508381,,,,
2026-10-02,0.32705790008860136,0.70278707728535,16.6378949505874,0.2920378266559716,0.10348761802015428,0.6532622950203455,17.50865590022526,0.15562203338727962,0.06369122197386086,0.503140610235439,17.836730492596,0.08282275789026675,0.017723836303364056,0.503921310608946,19.005080005855365,-0.0036669414203650934,-0.046606091937332825,0.4638936481483098,19.554958690456587,-0.037284198895794374,,,,,,
